smiles,label
Nc1nc(=O)c2c([nH]1)NCC(CNc1ccc(C(=O)NC(CCC(=O)O)C(=O)O)cc1)N2C=O,0
CC(=O)OCC[N+](C)(C)C,0
C[N+](C)(C)CC(=O)[O-],0
O=C(NC(CO)C(O)c1ccc([N+](=O)[O-])cc1)C(Cl)Cl,0
CC(NC(C)(C)C)C(=O)c1cccc(Cl)c1,1
OCC(O)C(O)C(O)C(O)CO,0
NCCCCCC(=O)O,0
NCCc1ccc(O)c(O)c1,0
CC(=O)NC1C(O)OC(COS(=O)(=O)O)C(OC2OC(C(=O)O)C(OC3OC(CO)C(OC4OC(C(=O)O)C(O)C(O)C4OS(=O)(=O)O)C(OS(=O)(=O)O)C3NS(=O)(=O)O)C(O)C2OS(=O)(=O)O)C1O,1
NC(=O)c1cnccn1,1
Cc1ncc(CO)c(CO)c1O,0
CC(O)C(O)C1CNc2[nH]c(N)nc(=O)c2N1,0
COc1ccc2cc(C(C)C(=O)O)ccc2c1,1
O=C1NC(=O)C(c2ccccc2)(c2ccccc2)N1,1
CCCC(=O)Nc1ccc(OCC(O)CNC(C)C)c(C(C)=O)c1,1
CC(=O)Nc1ccc(O)cc1,1
Cc1c2oc3c(C)ccc(C(=O)NC4C(=O)NC(C(C)C)C(=O)N5CCCC5C(=O)N(C)CC(=O)N(C)C(C(C)C)C(=O)OC4C)c3nc-2c(C(=O)NC2C(=O)NC(C(C)C)C(=O)N3CCCC3C(=O)N(C)CC(=O)N(C)C(C(C)C)C(=O)OC2C)c(N)c1=O,1
Nc1nc(=O)c2ncn(COCCO)c2[nH]1,1
CC(N)C(=O)OC(C)(C)Cc1ccc(Cl)cc1,1
CCCSc1ccc2nc(NC(=O)OC)[nH]c2c1,1
CC(C)(C)NCC(O)c1ccc(O)c(CO)c1,0
NCCCC(O)(P(=O)(O)O)P(=O)(O)O,1
COc1cc2nc(N(C)CCCNC(=O)C3CCCO3)nc(N)c2cc1OC,1
O=c1ncnc2[nH][nH]cc1-2,1
Cc1[nH]cnc1CN1CCc2c(c3ccccc3n2C)C1=O,1
Cc1nnc2n1-c1ccc(Cl)cc1C(c1ccccc1)=NC2,1
CC[N+](CC)(CCNC(=O)C(=O)NCC[N+](CC)(CC)Cc1ccccc1Cl)Cc1ccccc1Cl,0
CC(=O)Nc1c(I)c(NC(C)=O)c(I)c(C(=O)O)c1I,0
Nc1ccc(C(=O)NCC(=O)O)cc1,0
Cn1c(=O)c2[nH]cnc2n(C)c1=O,0
CCCCc1oc2ccccc2c1C(=O)c1cc(I)c(OCCN(CC)CC)c(I)c1,1
CN(C)CCC=C1c2ccccc2CCc2ccccc21,1
CCOC(=O)C1=C(COCCN)NC(C)=C(C(=O)OC)C1c1ccccc1Cl,1
CC(C)(C#N)c1cc(Cn2cncn2)cc(C(C)(C)C#N)c1,1
CC(=O)Oc1ccccc1C(=O)O,1
Cn1cnc([N+](=O)[O-])c1Sc1ncnc2nc[nH]c12,1
NCC(CC(=O)O)c1ccc(Cl)cc1,1
O=C(O)COc1nn(Cc2ccccc2)c2ccccc12,1
NS(=O)(=O)c1cc2c(cc1C(F)(F)F)NC(Cc1ccccc1)NS2(=O)=O,1
CCc1oc2ccccc2c1C(=O)c1cc(Br)c(O)c(Br)c1,1
CC(Cc1ccccc1)N(C)Cc1ccccc1,0
CC(C[N+](C)(C)C)OC(N)=O,0
OC(CCN1CCCCC1)(c1ccccc1)C1CC2C=CC1C2,0
CC(=O)Oc1ccc(C(c2ccc(OC(C)=O)cc2)c2ccccn2)cc1,0
CS(=O)(=O)OCCCCOS(C)(=O)=O,1
Cn1c(=O)c2c(ncn2C)n(C)c1=O,0
COc1ccc(CCN(C)CCCC(C#N)(c2ccc(OC)c(OC)c2)C(C)C)cc1OC,1
CCOc1nc2cccc(C(=O)O)c2n1Cc1ccc(-c2ccccc2-c2nn[nH]n2)cc1,1
CN(C)CCOC(c1ccc(Cl)cc1)c1ccccn1,0
CCCC(C)(COC(N)=O)COC(=O)NC(C)C,0
COc1ccccc1OCCNCC(O)COc1cccc2[nH]c3ccccc3c12,1
CC1=C(C(=O)O)N2C(=O)C(NC(=O)C(N)c3ccc(O)cc3)C2SC1,1
O=C(O)COCCN1CCN(C(c2ccccc2)c2ccc(Cl)cc2)CC1,1
O=C(O)CCCc1ccc(N(CCCl)CCCl)cc1,1
CN1C(=O)CCS(=O)(=O)C1c1ccc(Cl)cc1,1
CCN(CC)CCCC(C)Nc1ccnc2cc(Cl)ccc12,1
NS(=O)(=O)c1cc2c(cc1Cl)NC=NS2(=O)=O,1
CN(C)CCC(c1ccc(Cl)cc1)c1ccccn1,0
CN(C)CCCN1c2ccccc2Sc2ccc(Cl)cc21,1
CCCNC(=O)NS(=O)(=O)c1ccc(Cl)cc1,1
CN=C(NC#N)NCCSCc1nc[nH]c1C,1
O=C(O)c1cn(C2CC2)c2cc(N3CCNCC3)c(F)cc2c1=O,1
CN(C)CCCC1(c2ccc(F)cc2)OCc2cc(C#N)ccc21,1
CCOC(=O)C(C)(C)Oc1ccc(Cl)cc1,1
O=C1CN=C(c2ccccc2Cl)c2cc([N+](=O)[O-])ccc2N1,1
Clc1ccccc1C(c1ccccc1)(c1ccccc1)n1ccnc1,1
CN(C)CCC=C1c2ccccc2C=Cc2ccccc21,1
CC(=O)Oc1ccc(C(=C2CCCCC2)c2ccc(OC(C)=O)cc2)cc1,1
O=P1(N(CCCl)CCCl)NCCCO1,1
CN1CCC(=C2c3ccccc3C=Cc3ccccc32)CC1,1
O=C1CN(N=Cc2ccc(-c3ccc([N+](=O)[O-])cc3)o2)C(=O)N1,1
Nc1ccc(S(=O)(=O)c2ccc(N)cc2)cc1,1
CC(=O)N(O)CCCCCNC(=O)CCC(=O)N(O)CCCCCNC(=O)CCC(=O)N(O)CCCCCN,1
O=C(O)Cc1ccccc1Nc1c(Cl)cccc1Cl,1
NS(=O)(=O)c1cc(Cl)c(Cl)c(S(N)(=O)=O)c1,0
O=C(O)c1cc(-c2ccc(F)cc2F)ccc1O,1
OCC(S)CS,0
CN(C)CCOC(c1ccccc1)c1ccccc1,0
CC(C)N(CCC(C(N)=O)(c1ccccc1)c1ccccn1)C(C)C,1
CCN(CC)C(=S)SSC(=S)N(CC)CC,1
CCCC(CCC)C(=O)O,1
COc1cc2c(cc1OC)C(=O)C(CC1CCN(Cc3ccccc3)CC1)C2,1
CCN1CC(CCN2CCOCC2)C(c2ccccc2)(c2ccccc2)C1=O,0
CN(C)CCOC(C)(c1ccccc1)c1ccccn1,0
CC[N+](C)(C)c1cccc(O)c1,0
CCC(CO)NCCNC(CC)CO,1
CC(O)(P(=O)(O)O)P(=O)(O)O,0
NC(N)=Nc1nc(CSCCC(N)=NS(N)(=O)=O)cs1,1
NC(=O)OCC(COC(N)=O)c1ccccc1,1
CCOC(=O)C1=C(C)NC(C)=C(C(=O)OC)C1c1cccc(Cl)c1Cl,1
Oc1ccc(C2CNCCc3c2cc(O)c(O)c3Cl)cc1,0
CC(C(=O)O)c1cccc(Oc2ccccc2)c1,1
CC(C)(C(=O)O)c1ccc(C(O)CCCN2CCC(C(O)(c3ccccc3)c3ccccc3)CC2)cc1,0
O=C(COc1ccc(Cl)cc1)N1CCN(Cc2ccc3c(c2)OCO3)CC1,1
Cc1c(-c2ccccc2)oc2c(C(=O)OCCN3CCCCC3)cccc2c1=O,0
O=C(NCC1CCCCN1)c1cc(OCC(F)(F)F)ccc1OCC(F)(F)F,1
CCOC(=O)c1ncn2c1CN(C)C(=O)c1cc(F)ccc1-2,0
O=c1[nH]cc(F)c(=O)[nH]1,1
CNCCC(Oc1ccc(C(F)(F)F)cc1)c1ccccc1,1
CCN(CC)CCN1C(=O)CN=C(c2ccccc2F)c2cc(Cl)ccc21,1
CC(C)C(=O)Nc1ccc([N+](=O)[O-])c(C(F)(F)F)c1,1
NCC1(CC(=O)O)CCCCC1,1
O=C(OCC(O)CO)c1ccccc1Nc1ccnc2cc(Cl)ccc12,1
Cc1cnc(C(=O)NCCc2ccc(S(=O)(=O)NC(=O)NC3CCCCC3)cc2)cn1,1
COc1ccc(Cl)cc1C(=O)NCCc1ccc(S(=O)(=O)NC(=O)NC2CCCCC2)cc1,1
C[N+]1(C)CCC(OC(=O)C(O)(c2ccccc2)C2CCCC2)C1,0
COc1ccccc1OCC(O)CO,0
NC(N)=NCCN1CCCCCCC1,0
O=C(CCCN1CCC(O)(c2ccc(Cl)cc2)CC1)c1ccc(F)cc1,1
NNc1nncc2ccccc12,1
CCN(CCO)CCCC(C)Nc1ccnc2cc(Cl)ccc12,1
NC(=O)NO,1
OCCOCCN1CCN(C(c2ccccc2)c2ccc(Cl)cc2)CC1,0
NNCCc1ccccc1,1
CCN(CC)CC(=O)Nc1c(C)cccc1C,0
O=P1(NCCCl)OCCCN1CCCl,1
COc1ccc2c(c1)c(CC(=O)O)c(C)n2C(=O)c1ccc(Cl)cc1,1
CNC(=O)c1c(I)c(NC(C)=O)c(I)c(C(=O)O)c1I,0
O=C(CCCCC(=O)Nc1c(I)cc(I)c(C(=O)O)c1I)Nc1c(I)cc(I)c(C(=O)O)c1I,0
CC(C)NNC(=O)c1ccncc1,1
CCCCC1=NC2(CCCC2)C(=O)N1Cc1ccc(-c2ccccc2-c2nn[nH]n2)cc1,1
NNC(=O)c1ccncc1,1
CC(C)NCC(O)c1ccc(O)c(O)c1,0
CC(COc1ccccc1)NC(C)C(O)c1ccc(O)cc1,0
CNC1(c2ccccc2Cl)CCCCC1=O,1
CC(C(=O)O)c1cccc(C(=O)c2ccccc2)c1,1
CC(CCc1ccccc1)NCC(O)c1ccc(O)c(C(N)=O)c1,1
Cc1c(OCC(F)(F)F)ccnc1CS(=O)c1nc2ccccc2[nH]1,1
Cc1oncc1C(=O)Nc1ccc(C(F)(F)F)cc1,1
CCNC(=O)C1CCCN1C(=O)C(CCCN=C(N)N)NC(=O)C(CC(C)C)NC(=O)C(CC(C)C)NC(=O)C(Cc1ccc(O)cc1)NC(=O)C(CO)NC(=O)C(Cc1c[nH]c2ccccc12)NC(=O)C(Cc1cnc[nH]1)NC(=O)C1CCC(=O)N1,1
O=NN(CCCl)C(=O)NC1CCCCC1,1
CN(C)C(=O)C(CCN1CCC(O)(c2ccc(Cl)cc2)CC1)(c1ccccc1)c1ccccc1,0
NC(C(=O)NC1C(=O)N2C(C(=O)O)=C(Cl)CCC12)c1ccccc1,1
CCOC(=O)N1CCC(=C2c3ccc(Cl)cc3CCc3cccnc32)CC1,0
CCCCc1nc(Cl)c(CO)n1Cc1ccc(-c2ccccc2-c2nn[nH]n2)cc1,1
COC(=O)Nc1nc2ccc(C(=O)c3ccccc3)cc2[nH]1,1
CNC1(C)C2CCC(C2)C1(C)C,0
Cc1cccc(CN2CCN(C(c3ccccc3)c3ccc(Cl)cc3)CC2)c1,0
Cc1cccc(Nc2ccccc2C(=O)O)c1C,1
OC(c1cc(C(F)(F)F)nc2c(C(F)(F)F)cccc12)C1CCCCN1,1
NC(Cc1ccc(N(CCCl)CCCl)cc1)C(=O)O,1
CC12CC3CC(C)(C1)CC(N)(C3)C2,1
C[N+]1(C)CCCC(OC(=O)C(O)(c2ccccc2)c2ccccc2)C1,0
CCOC(=O)C1(c2ccccc2)CCN(C)CC1,0
Cc1cccc(C)c1NC(=O)C1CCCCN1C,0
CCCC(C)(COC(N)=O)COC(N)=O,0
Nc1ccc(O)c(C(=O)O)c1,1
CC(C)NCC(O)c1cc(O)cc(O)c1,0
CN(C)C(=N)N=C(N)N,1
CC(=O)N=c1sc(S(N)(=O)=O)nn1C,1
COc1c2occc2cc2ccc(=O)oc12,1
C[N+]1(C)C2CC(OC(=O)C(CO)c3ccccc3)CC1C1OC12,0
COC(=O)C(c1ccccc1)C1CCCCN1,1
CCN(CC)CCNC(=O)c1cc(Cl)c(N)cc1OC,1
COCCc1ccc(OCC(O)CNC(C)C)cc1,1
Cc1ncc([N+](=O)[O-])n1CCO,1
CC(C)(C(=O)c1cccnc1)c1cccnc1,0
Cc1cccc(C)c1OCC(C)N,1
Cc1ncc2n1-c1ccc(Cl)cc1C(c1ccccc1F)=NC2,0
COc1ccc(OC)c(C(O)CNC(=O)CN)c1,0
N=c1nc(N2CCCCC2)cc(N)n1O,0
CN1CCN2c3ncccc3Cc3ccccc3C2C1,1
Clc1ccc(C(c2ccccc2Cl)C(Cl)Cl)cc1,0
O=C1c2c(O)ccc(O)c2C(=O)c2c(NCCNCCO)ccc(NCCNCCO)c21,1
NC(=O)CS(=O)C(c1ccccc1)c1ccccc1,1
CC(=O)Oc1cc(C(C)C)c(OCCN(C)C)cc1C,1
CCc1nn(CCCN2CCN(c3cccc(Cl)c3)CC2)c(=O)n1CCOc1ccccc1,1
NCC1OC(OC2C(CO)OC(OC3C(O)C(N)CC(N)C3OC3OC(CN)C(O)C(O)C3N)C2O)C(N)C(O)C1O,0
Cc1ccnc2c1NC(=O)c1cccnc1N2C1CC1,1
O=C(CCNNC(=O)c1ccncc1)NCc1ccccc1,1
COC(=O)C1=C(C)NC(C)=C(C(=O)OC)C1c1ccccc1[N+](=O)[O-],1
CC1(C)NC(=O)N(c2ccc([N+](=O)[O-])c(C(F)(F)F)c2)C1=O,1
CS(=O)(=O)Nc1ccc([N+](=O)[O-])cc1Oc1ccccc1,1
O=[N+]([O-])OCC(CO[N+](=O)[O-])O[N+](=O)[O-],0
CN1Cc2c(N)cccc2C(c2ccccc2)C1,1
CCn1cc(C(=O)O)c(=O)c2cc(F)c(N3CCNCC3)cc21,1
CNCCC=C1c2ccccc2CCc2ccccc21,1
CC1COc2c(N3CCN(C)CC3)c(F)cc3c(=O)c(C(=O)O)cn1c23,1
COc1ccc2nc(S(=O)Cc3ncc(C)c(OC)c3C)[nH]c2c1,1
Cc1nccn1CC1CCc2c(c3ccccc3n2C)C1=O,1
O=C(O)CCc1nc(-c2ccccc2)c(-c2ccccc2)o1,1
CCN(CC)CC#CCOC(=O)C(O)(c1ccccc1)C1CCCCC1,0
Nc1ccc(C(=O)O)c(O)c1,1
CC(C)(CO)C(O)C(=O)NCCCO,0
COc1ccnc(CS(=O)c2nc3ccc(OC(F)F)cc3[nH]2)c1OC,1
COc1ccc(Cc2nccc3cc(OC)c(OC)cc23)cc1OC,1
OCCN1CCN(CCCN2c3ccccc3Sc3ccc(Cl)cc32)CC1,1
CCC1(c2ccccc2)C(=O)NC(=O)NC1=O,1
CC(COc1ccccc1)N(CCCl)Cc1ccccc1,0
CC(C)(N)Cc1ccccc1,1
CC(=CCC1=C(C)C(=O)c2ccccc2C1=O)CCCC(C)CCCC(C)CCCC(C)C,0
CCc1ccc(CCOc2ccc(CC3SC(=O)NC3=O)cc2)nc1,1
COc1cc(NC(C)CCCN)c2ncccc2c1,0
CCC1(c2ccccc2)C(=O)NCNC1=O,0
CCN(CC)CCNC(=O)c1ccc(N)cc1,1
CN1CCN(CCCN2c3ccccc3Sc3ccc(Cl)cc32)CC1,1
OC(CCN1CCCC1)(c1ccccc1)C1CCCCC1,0
CC(CN1c2ccccc2Sc2ccccc21)N(C)C,1
CCCNCC(O)COc1ccccc1C(=O)CCc1ccccc1,1
CC(C)[N+](C)(CCOC(=O)C1c2ccccc2Oc2ccccc21)C(C)C,0
CC(C)c1cccc(C(C)C)c1O,1
CNCCCC1c2ccccc2C=Cc2ccccc21,0
CN(C)C(=O)Oc1ccc[n+](C)c1,0
CCc1nc(N)nc(N)c1-c1ccc(Cl)cc1,1
Fc1ccccc1C1=NCC(=S)N(CC(F)(F)F)c2ccc(Cl)cc21,0
OCCOCCN1CCN(C2=Nc3ccccc3Sc3ccccc32)CC1,1
COCCCOc1ccnc(CS(=O)c2nc3ccccc3[nH]2)c1C,1
O=C(c1ccc(OCCN2CCCCC2)cc1)c1c(-c2ccc(O)cc2)sc2cc(O)ccc12,0
Nc1nc2ccc(OC(F)(F)F)cc2s1,1
CC(N)C12CC3CC(CC(C3)C1)C2,0
Cc1nc2n(c(=O)c1CCN1CCC(c3noc4cc(F)ccc34)CC1)CCCC2,1
CN(C)CCc1c[nH]c2ccc(Cn3cncn3)cc12,0
CCCN(CCC)CCc1cccc2c1CC(=O)N2,1
CCCc1nn(C)c2c(=O)nc(-c3cc(S(=O)(=O)N4CCN(C)CC4)ccc3OCC)[nH]c12,1
Nc1ccc(S(=O)(=O)Nc2ncccn2)cc1,1
Cc1ccc(NC(=O)c2ccc(CN3CCN(C)CC3)cc2)cc1Nc1nccc(-c2cccnc2)n1,1
O=C(CCCCCCC(=O)Nc1ccccc1)NO,0
CC1=C(CC(=O)O)c2cc(F)ccc2C1=Cc1ccc(S(C)=O)cc1,1
CCCCCCCCNC(C)C(O)c1ccc(SC(C)C)cc1,1
Cn1nnc2c(C(N)=O)ncn2c1=O,1
COc1cc2nc(N3CCN(C(=O)C4CCCO4)CC3)nc(N)c2cc1OC,0
CN(CC=CC#CC(C)(C)C)Cc1cccc2ccccc12,1
CC(C)(C)NCC(O)c1cc(O)cc(O)c1,1
O=C1CCC(N2C(=O)c3ccccc3C2=O)C(=O)N1,1
c1ccc2[nH]c(-c3cscn3)nc2c1,1
S=P(N1CC1)(N1CC1)N1CC1,1
Clc1ccccc1CN1CCc2sccc2C1,1
CCS(=O)(=O)CCn1c([N+](=O)[O-])cnc1C,1
Clc1ccc2nsnc2c1NC1=NCCN1,1
Cc1ccc(S(=O)(=O)NC(=O)NN2CCCCCC2)cc1,1
Nc1nc(N)c2nc(-c3ccccc3)c(N)nc2n1,1
OC(CCN1CCCCC1)(c1ccccc1)C1CCCCC1,0
COc1cc(Cc2cnc(N)nc2N)cc(OC)c1OC,1
Cc1c(C)c2c(c(C)c1O)CCC(C)(COc1ccc(CC3SC(=O)NC3=O)cc1)O2,1
NCCc1ccc(O)cc1,0
COc1ccc(C(CN(C)C)C2(O)CCCCC2)cc1,1
COc1cc(C(=O)NS(=O)(=O)c2ccccc2C)ccc1Cc1cn(C)c2ccc(NC(=O)OC3CCCC3)cc12,1
CCN(C(C)=O)c1cccc(-c2ccnc3c(C#N)cnn23)c1,0
NS(=O)(=O)Cc1noc2ccccc12,1
CC(=O)OCC(=O)[C@@]1(O)CC[C@H]2[C@@H]3CCC4=CC(=O)CC[C@]4(C)[C@H]3C(=O)C[C@@]21C,0
CO[C@@]12[C@H](COC(N)=O)C3=C(C(=O)C(C)=C(N)C3=O)N1C[C@@H]1N[C@@H]12,1
C[C@]12C[C@H](O)[C@H]3[C@@H](CCC4=CC(=O)CC[C@@]43C)[C@@H]1CC[C@]2(O)C(=O)CO,0
C[C@]12C[C@H](O)[C@H]3[C@@H](CCC4=CC(=O)C=C[C@@]43C)[C@@H]1CC[C@]2(O)C(=O)CO,1
C[C@]12CC[C@@H]3c4ccc(O)cc4CC[C@H]3[C@@H]1CC[C@@H]2O,1
COC(=O)[C@H]1[C@H]2C[C@@H]3c4[nH]c5cc(OC)ccc5c4CCN3C[C@H]2C[C@@H](OC(=O)c2cc(OC)c(OC)c(OC)c2)[C@@H]1OC,0
CNC[C@H](O)c1ccc(O)c(O)c1,0
N[C@@H](Cc1cc(I)c(Oc2cc(I)c(O)c(I)c2)c(I)c1)C(=O)O,1
C[C@H](N)Cc1ccccc1,0
CC(=O)S[C@@H]1CC2=CC(=O)CC[C@]2(C)[C@H]2CC[C@@]3(C)[C@@H](CC[C@@]34CCC(=O)O4)[C@@H]21,1
CC(C)(S)[C@@H](N)C(=O)O,1
C[C@]12CC(=O)[C@H]3[C@@H](CCC4=CC(=O)C=C[C@@]43C)[C@@H]1CC[C@]2(O)C(=O)CO,1
C[C@]12COC(=O)C[C@@H]1CC[C@@H]1[C@@H]2CC[C@@]2(C)[C@H]1CC[C@]2(C)O,1
CC1(C)S[C@@H]2[C@H](NC(=O)Cc3ccccc3)C(=O)N2[C@H]1C(=O)O,1
N[C@@H](Cc1cc(I)c(Oc2ccc(O)c(I)c2)c(I)c1)C(=O)O,0
CC[C@]1(O)C[C@H]2CN(CCc3c([nH]c4ccccc34)[C@@](C(=O)OC)(c3cc4c(cc3OC)N(C=O)[C@H]3[C@@](O)(C(=O)OC)[C@H](OC(C)=O)[C@]5(CC)C=CCN6CC[C@]43[C@@H]65)C2)C1,1
CNC(=O)Oc1ccc2c(c1)[C@]1(C)CCN(C)[C@@H]1N2C,0
CC(=O)[C@H]1CC[C@H]2[C@@H]3CCC4=CC(=O)CC[C@]4(C)[C@H]3CC[C@]12C,1
CN1CCc2cccc3c2[C@H]1Cc1ccc(O)c(O)c1-3,0
C[C@]1(O)CC[C@H]2[C@@H]3CCC4=CC(=O)CC[C@]4(C)[C@H]3CC[C@@]21C,1
C[C@]12CC[C@H]3[C@@H](CCC4=CC(=O)CC[C@@]43C)[C@@H]1CC[C@@H]2O,1
NC[C@H]1O[C@H](O[C@@H]2[C@@H](N)C[C@@H](N)[C@H](O[C@H]3O[C@H](CO)[C@@H](O)[C@H](N)[C@H]3O)[C@H]2O)[C@H](O)[C@@H](O)[C@@H]1O,0
Nc1nc(=O)c2nc(CNc3ccc(C(=O)N[C@@H](CCC(=O)O)C(=O)O)cc3)cnc2[nH]1,0
CN1CCCC(CN2c3ccccc3Sc3ccccc32)C1,1
Cc1onc(-c2ccccc2Cl)c1C(=O)N[C@@H]1C(=O)N2[C@@H](C(=O)O)C(C)(C)S[C@H]12,1
CC(=O)[O-].CC(=O)[O-].[Ca+2],0
CC(NN)c1ccccc1,1
CCc1oc2ccccc2c1C(=O)c1cc(I)c(O)c(I)c1,1
CC1(C)S[C@@H]2[C@H](NC(=O)[C@H](N)c3ccccc3)C(=O)N2[C@H]1C(=O)O,1
Nc1ccn([C@@H]2O[C@H](CO)[C@@H](O)[C@@H]2O)c(=O)n1,1
NC(N)=NCCC[C@H](N)C(=O)O,0
FC(F)(F)C(F)(F)C(F)(F)F,0
CN1C(=O)CC(C)(c2ccccc2)C1=O,0
CC(=O)CC(c1ccccc1)c1c(O)oc2ccccc2c1=O,1
Cc1cc2nc3c(=O)[nH]c(=O)nc-3n(C[C@@H](O)[C@@H](O)[C@@H](O)CO)c2cc1C,0
CN(C)CCC(c1ccc(Br)cc1)c1ccccn1,0
CC1(C)S[C@@H]2[C@H](NC(=O)COc3ccccc3)C(=O)N2[C@H]1C(=O)O,0
O=[N+]([O-])O[C@H]1CO[C@H]2[C@@H]1OC[C@H]2O[N+](=O)[O-],0
CCN(CC)C(C)C(=O)c1ccccc1,0
CCCCNc1ccc(C(=O)OCCOCCOCCOCCOCCOCCOCCOCCOCCOC)cc1,1
CC[C@@H](CO)NC(=O)[C@@H]1C=C2c3cccc4[nH]cc(c34)C[C@H]2N(C)C1,0
NC(=O)CCC1NC(=O)C(Cc2ccccc2)NC(=O)C(Cc2ccc(O)cc2)NC(=O)C(N)CSSCC(C(=O)N2CCCC2C(=O)NC(CCCN=C(N)N)C(=O)NCC(N)=O)NC(=O)C(CC(N)=O)NC1=O,0
CC(=O)Oc1ccc(C2(c3ccc(OC(C)=O)cc3)C(=O)Nc3ccccc32)cc1,1
C=C[C@H]1CN2CCC1C[C@H]2[C@H](O)c1ccnc2ccc(OC)cc12,1
O=C(O)c1cc(-c2ccccc2)nc2ccccc12,1
CCOc1ccc2ccccc2c1C(=O)N[C@@H]1C(=O)N2[C@@H](C(=O)O)C(C)(C)S[C@H]12,1
CN[C@@H](C)[C@H](O)c1ccccc1,0
Cn1c(=O)c2[nH]cnc2n(C)c1=O.Cn1c(=O)c2[nH]cnc2n(C)c1=O.NCCN,0
CC[C@@H](CO)NC(=O)[C@@H]1C=C2c3cccc4c3c(cn4C)C[C@H]2N(C)C1,0
C[C@]12CC(=CO)C(=O)C[C@@H]1CC[C@@H]1[C@@H]2CC[C@@]2(C)[C@H]1CC[C@]2(C)O,1
C[C@]12CC[C@@H]3[C@H]4CCC(=O)C=C4CC[C@H]3[C@@H]1CC[C@@H]2O,1
CN[C@@H](C)Cc1ccccc1,0
C[N+](C)(C)C[C@H](O)CC(=O)[O-],0
NC(=O)NS(=O)(=O)c1ccc(N)cc1,1
OC[C@H]1O[C@](O)(CO)[C@@H](O)[C@@H]1O[C@@H]1O[C@H](CO)[C@H](O)[C@H](O)[C@H]1O,0
CC(C)(N)CO.Cn1c(=O)c2[nH]c(Br)nc2n(C)c1=O,0
CC(=O)N[C@@H](CS)C(=O)O,0
CC1C(c2ccccc2)OCCN1C,0
CC[C@H]1OC(=O)[C@H](C)[C@@H](O[C@H]2C[C@@](C)(OC)[C@@H](O)[C@H](C)O2)[C@H](C)[C@@H](O[C@@H]2O[C@H](C)C[C@H](N(C)C)[C@H]2O)[C@](C)(O)C[C@@H](C)C(=O)[C@H](C)[C@@H](O)[C@]1(C)O,1
C#C[C@]1(O)CC[C@H]2[C@@H]3CCC4=CC(=O)CC[C@@H]4[C@H]3CC[C@@]21CC,0
CC[C@]1(O)C[C@@H]2CN(CCc3c([nH]c4ccccc34)[C@@](C(=O)OC)(c3cc4c(cc3OC)N(C)[C@H]3[C@@](O)(C(=O)OC)[C@H](OC(C)=O)[C@]5(CC)C=CCN6CC[C@]43[C@@H]65)C2)C1,0
O=[Fe]O.O=[Fe]O.[Fe],0
Cc1c(C)c2c(c(C)c1O)CC[C@@](C)(CCC[C@H](C)CCC[C@H](C)CCCC(C)C)O2,0
CC(C)Cc1ccc(CC(=O)O)cc1,1
CCC(=O)OC(Cc1ccccc1)(c1ccccc1)C(C)CN(C)C,1
NC(N)=NC(=O)c1nc(Cl)c(N)nc1N,1
O=c1[nH]c2ccccc2n1C1CCN(CCCC(c2ccc(F)cc2)c2ccc(F)cc2)CC1,0
O=C1OC2(c3ccc(O)cc3Oc3cc(O)ccc32)c2ccccc21,0
CC12CCC3c4ccc(OC(=O)N(CCCl)CCCl)cc4CCC3C1CCC2O,1
Cc1onc(-c2c(Cl)cccc2Cl)c1C(=O)N[C@@H]1C(=O)N2[C@@H](C(=O)O)C(C)(C)S[C@H]12,1
CC1(C)C(=CC=CC=CC=CC2=[N+](CCCCS(=O)(=O)[O-])c3ccc4ccccc4c3C2(C)C)N(CCCCS(=O)(=O)[O-])c2ccc3ccccc3c21.[Na+],0
CN(C)CCCC1c2ccccc2Nc2ccc(Cl)cc21,1
Cl[Cu]Cl,0
O=S([O-])([O-])=S.[Na+].[Na+],0
[Cl-].[NH4+],0
CN1CCC[C@@H]1CCO[C@](C)(c1ccccc1)c1ccc(Cl)cc1,0
CC(=O)O[C@H]1C[C@@H]2CC[C@@H]3[C@H](CC[C@@]4(C)[C@H]3C[C@H]([N+]3(C)CCCCC3)[C@@H]4OC(C)=O)[C@@]2(C)C[C@@H]1[N+]1(C)CCCCC1.[Br-].[Br-],0
CC1=C(C(=O)O)N2C(=O)[C@@H](NC(=O)[C@H](N)c3ccccc3)[C@H]2SC1,1
O=C(O)c1cc(=O)c2cc(OCC(O)COc3cccc4oc(C(=O)O)cc(=O)c34)ccc2o1,1
C#C[C@]1(O)CC[C@H]2[C@@H]3CCC4=Cc5oncc5C[C@]4(C)[C@H]3CC[C@@]21C,1
CC(=O)Oc1ccc(C2(c3ccc(OC(C)=O)cc3)C(=O)N(C(C)=O)c3ccccc32)cc1,1
C[C@H]1O[C@@H](O[C@H]2[C@@H](O)C[C@H](O[C@H]3[C@@H](O)C[C@H](O[C@H]4CC[C@]5(C)[C@H]6C[C@@H](O)[C@]7(C)C(C8=CC(=O)OC8)CC[C@]7(O)[C@@H]6CC[C@@H]5C4)O[C@@H]3C)O[C@@H]2C)C[C@H](O)[C@@H]1O,0
Nc1nc(F)nc2c1ncn2[C@@H]1O[C@H](COP(=O)(O)O)[C@@H](O)[C@@H]1O,0
C=CCOc1ccc(CC(=O)O)cc1Cl,1
CC(C)C[C@H]1C(=O)N2CCC[C@H]2[C@]2(O)O[C@](NC(=O)[C@@H]3C=C4c5cccc6[nH]c(Br)c(c56)C[C@H]4N(C)C3)(C(C)C)C(=O)N12,1
C[C@]12C[C@H](O)[C@@]3(F)[C@@H](CCC4=CC(=O)CC[C@@]43C)[C@@H]1CC[C@]2(O)C(=O)CO,0
COc1cccc2c1C(=O)c1c(O)c3c(c(O)c1C2=O)C[C@@](O)(C(=O)CO)C[C@@H]3O[C@H]1C[C@H](N)[C@H](O)[C@H](C)O1,1
CC(=O)N[C@H]1[C@H](O)O[C@H](CO)[C@H](OS(=O)(=O)[O-])[C@@H]1O[C@@H]1O[C@@H](C(=O)[O-])[C@@H](O)[C@H](O)[C@H]1O,1
CN(C)CC[C@@H](c1ccc(Cl)cc1)c1ccccn1,0
COc1ccc2c(C(=O)c3ccc(Cl)cc3)c(C)n(CC(=O)O)c2c1,1
COc1cc([C@@H]2c3cc4c(cc3[C@@H](O[C@@H]3O[C@@H]5COC(c6cccs6)O[C@H]5[C@H](O)[C@H]3O)[C@H]3COC(=O)[C@H]23)OCO4)cc(OC)c1O,1
O=C(O)CCCCCC[NH2+]C1c2ccccc2CCc2ccccc21.[Cl-],1
CC(=O)O[C@H]1C(=O)[C@]2(C)[C@@H](O)C[C@H]3OC[C@@]3(OC(C)=O)[C@H]2[C@H](OC(=O)c2ccccc2)[C@]2(O)C[C@H](OC(=O)[C@H](O)[C@@H](NC(=O)c3ccccc3)c3ccccc3)C(C)=C1C2(C)C,1
CCOC(=O)c1cncn1C(C)c1ccccc1,0
CC(CCc1ccc(O)cc1)NCCc1ccc(O)c(O)c1,0
CC(C)(C)NC[C@H](O)COc1ccccc1C1CCCC1,0
NCC[C@H](O)C(=O)N[C@@H]1C[C@H](N)[C@@H](O[C@H]2O[C@H](CN)[C@@H](O)[C@H](O)[C@H]2O)[C@H](O)[C@H]1O[C@H]1O[C@H](CO)[C@@H](O)[C@H](N)[C@H]1O,0
O=C(O)COc1ccc(C(=O)c2cccs2)c(Cl)c1Cl,1
C[C@](N)(Cc1ccc(O)c(O)c1)C(=O)O,1
CC(=O)O[C@H]1C[C@@H]2CC[C@@H]3[C@H](CC[C@@]4(C)[C@H]3C[C@H]([N+]3(C)CCCCC3)[C@@H]4OC(C)=O)[C@@]2(C)C[C@@H]1N1CCCCC1.[Br-],0
CC(C(=O)O)c1ccc2oc(-c3ccc(Cl)cc3)nc2c1,1
O=C(c1cc(O)c(O)c(O)c1)c1ccc(O)c(O)c1O,1
OCC1OC(n2cnc3c2NC=NC[C@H]3O)CC1O,1
CC(=O)Oc1ccccc1C(=O)Nc1ncc([N+](=O)[O-])s1,0
CN(C)CC=C(c1ccc(Br)cc1)c1cccnc1,1
C[C@H](CS)C(=O)N1CCC[C@H]1C(=O)O,1
CCN1CCN(C(=O)NC(C(=O)N[C@@H]2C(=O)N3C(C(=O)O)=C(CSc4nnnn4C)CS[C@H]23)c2ccc(O)cc2)C(=O)C1=O,1
COc1ccc(CC2c3cc(OC)c(OC)cc3CC[N+]2(C)CCC(=O)OCCCCCOC(=O)CC[N+]2(C)CCc3cc(OC)c(OC)cc3C2Cc2ccc(OC)c(OC)c2)cc1OC,0
CC(=O)N1CCN(c2ccc(OC[C@@H]3CO[C@@](Cn4ccnc4)(c4ccc(Cl)cc4Cl)O3)cc2)CC1,1
O=c1[nH]c(=O)n([C@@H]2O[C@H](CO)[C@@H](O)[C@@H]2F)cc1I,1
O=c1nc[nH]c2c1ncn2[C@H]1CC[C@@H](CO)O1,1
CCC(=O)N(c1ccccc1)C1(COC)CCN(CCn2nnn(CC)c2=O)CC1,0
CCCCN1C[C@H](O)[C@@H](O)[C@H](O)[C@H]1CO,0
CC[C@H](C)C(=O)O[C@H]1C[C@@H](C)C=C2C=C[C@H](C)[C@H](CC[C@@H]3C[C@@H](O)CC(=O)O3)[C@H]21,1
COc1ccc2c(C(=S)N(C)CC(=O)O)cccc2c1C(F)(F)F,1
Nc1nc(=O)c2c([nH]1)NCC(CNc1ccc(C(=O)N[C@H](CCC(=O)O)C(=O)O)cc1)N2C=O,0
CC[C@H](C)C(=O)O[C@H]1C[C@H](O)C=C2C=C[C@H](C)[C@H](CC[C@@H](O)C[C@@H](O)CC(=O)O)[C@H]21,1
CNCC[C@@H](Oc1ccccc1C)c1ccccc1,1
CCOC(=O)[C@H](CCc1ccccc1)N[C@@H](C)C(=O)N1Cc2ccccc2C[C@H]1C(=O)O,1
CC[C@H]1OC(=O)[C@H](C)[C@@H](O[C@H]2C[C@@](C)(OC)[C@@H](O)[C@H](C)O2)C(C)[C@@H](O[C@@H]2O[C@H](C)C[C@H](N(C)C)[C@H]2O)[C@](C)(O)C[C@@H](C)CN(C)[C@H](C)[C@@H](O)[C@]1(C)O,1
CCC(C)n1ncn(-c2ccc(N3CCN(c4ccc(OC[C@H]5CO[C@](Cn6cncn6)(c6ccc(Cl)cc6Cl)O5)cc4)CC3)cc2)c1=O,1
CNC[C@H](O)[C@@H](O)[C@H](O)[C@H](O)CO.CNC[C@H](O)[C@@H](O)[C@H](O)[C@H](O)CO.O=C([O-])CN(CCN(CC(=O)[O-])CC(=O)O)CCN(CC(=O)[O-])CC(=O)O.[Gd+3],0
CCC(=O)OC(OP(=O)(CCCCc1ccccc1)CC(=O)N1C[C@H](C2CCCCC2)C[C@H]1C(=O)O)C(C)C,1
C[C@](O)(CS(=O)(=O)c1ccc(F)cc1)C(=O)Nc1ccc(C#N)c(C(F)(F)F)c1,1
O=C1NC(c2ccccc2)(c2ccccc2)C(=O)N1COP(=O)(O)O,1
CC1=C(CCC(=O)O)c2cc3nc(cc4[nH]c(cc5[nH]c(cc1n2)c(C)c5C(C)O)c(C)c4C(C)OC(C)c1c(C)c2cc4nc(cc5nc(cc6[nH]c(cc1[nH]2)c(C)c6C(C)O)C(C)=C5CCC(=O)O)C(CCC(=O)O)=C4C)C(C)=C3CCC(=O)O,0
COC(=O)CCc1ccc(OCC(O)CNC(C)C)cc1,0
C=C1C[C@@H]2[C@H](CC[C@]3(C)C(=O)CC[C@@H]23)[C@@]2(C)C=CC(=O)C=C12,1
CC(c1cc2ccccc2s1)N(O)C(N)=O,1
COC(=O)[C@H](c1ccccc1Cl)N1CCc2sccc2C1,1
CC[C@@]1(O)C(=O)OCc2c1cc1n(c2=O)Cc2cc3c(CN(C)C)c(O)ccc3nc2-1,0
CC(O)CN1CCN(CC(=O)[O-])CCN(CC(=O)[O-])CCN(CC(=O)[O-])CC1.[Gd+3],0
Nc1c(CC(=O)O)cccc1C(=O)c1ccc(Br)cc1,1
Nc1ccn([C@@H]2O[C@H](CO)[C@@H](O)C2(F)F)c(=O)n1,1
CCCCCCCN(CC)CCCC(O)c1ccc(NS(C)(=O)=O)cc1,0
Cc1ccc(O)c([C@@H](CCN(C(C)C)C(C)C)c2ccccc2)c1,0
CC(C)(C)NC(=O)[C@@H]1CC2CCCCC2CN1C[C@@H](O)[C@H](Cc1ccccc1)NC(=O)[C@H](CC(N)=O)NC(=O)c1ccc2ccccc2n1,1
CCC(=O)N(c1ccccc1)C1(C(=O)OC)CCN(CCC(=O)OC)CC1,1
CC(C)c1c(C(=O)Nc2ccccc2)c(-c2ccccc2)c(-c2ccc(F)cc2)n1CC[C@@H](O)C[C@@H](O)CC(=O)O,1
Nc1ccn([C@@H]2CS[C@H](CO)O2)c(=O)n1,1
CNCC[C@H](Oc1cccc2ccccc12)c1cccs1,1
CCc1c2c(nc3ccc(OC(=O)N4CCC(N5CCCCC5)CC4)cc13)-c1cc3c(c(=O)n1C2)COC(=O)[C@]3(O)CC,1
CCCCCN(C)CCC(O)(P(=O)(O)O)P(=O)(O)O,0
O=C1Cc2cc(CCN3CCN(c4nsc5ccccc45)CC3)c(Cl)cc2N1,1
CC(C)(C)C(=O)OCOP(=O)(COCCn1cnc2c(N)ncnc21)OCOC(=O)C(C)(C)C,1
Cc1nc(C)c2c(n1)N(Cc1ccc(-c3ccccc3-c3nn[nH]n3)cc1)C(=O)CC2,1
CCCCS(=O)(=O)N[C@@H](Cc1ccc(OCCCCC2CCNCC2)cc1)C(=O)O,0
Nc1ncnc2c1ncn2[C@@H]1O[C@H](CO)[C@@H](O)[C@H]1O,0
COc1ccc(C[C@@H]2c3cc(OC)c(OC)cc3CC[N@+]2(C)CCC(=O)OCCCCCOC(=O)CC[N@@+]2(C)CCc3cc(OC)c(OC)cc3[C@H]2Cc2ccc(OC)c(OC)c2)cc1OC.O=S(=O)([O-])c1ccccc1.O=S(=O)([O-])c1ccccc1,0
NC1[C@@H]2CN(c3nc4c(cc3F)c(=O)c(C(=O)O)cn4-c3ccc(F)cc3F)C[C@H]12,1
CCC[C@H]1O[C@@H]2C[C@H]3[C@@H]4CCC5=CC(=O)C=C[C@]5(C)[C@H]4[C@@H](O)C[C@]3(C)[C@]2(C(=O)CO)O1,0
O=C1Nc2ccc(Cl)cc2[C@@](C#CC2CC2)(C(F)(F)F)O1,1
Cc1c(O)cccc1C(=O)N[C@@H](CSc1ccccc1)[C@H](O)CN1C[C@H]2CCCC[C@H]2C[C@H]1C(=O)NC(C)(C)C,1
c1cc(CN2CCCNCCNCCCNCC2)ccc1CN1CCCNCCNCCCNCC1,0
CCC[C@@]1(CCc2ccccc2)CC(=O)C([C@H](CC)c2cccc(NS(=O)(=O)c3ccc(C(F)(F)F)cn3)c2)=C(O)O1,1
Nc1nc(NC2CC2)c2ncn(C3C=C[C@H](CO)C3)c2n1,1
NCCc1cnc[nH]1.O=P(O)(O)O.O=P(O)(O)O,0
Cn1c(CCCC(=O)O)nc2cc(N(CCCl)CCCl)ccc21,0
CN1c2c(oc(=O)n(-c3ccccn3)c2=O)-c2ccccc2S1(=O)=O,1
CCN(CC)C(=O)[C@]1(c2ccccc2)C[C@@H]1CN,1
NC(N)=Nc1nc(CSCCN=CNS(=O)(=O)c2ccc(Br)cc2)cs1,1
CCCc1nc2c(C)cc(-c3nc4ccccc4n3C)cc2n1Cc1ccc(-c2ccccc2C(=O)O)cc1,1
CN[C@H]1CC[C@@H](c2ccc(Cl)c(Cl)c2)c2ccccc21,1
O=P(O)(O)C(O)(Cn1ccnc1)P(=O)(O)O,1
CC(=O)NCCCS(=O)(=O)O,1
CC(C)Nc1ncccn1,1
CN(CCOc1ccc(NS(C)(=O)=O)cc1)CCc1ccc(NS(C)(=O)=O)cc1,0
Cl.Cl.NCCNCCNCCN,0
CC(COc1ccccc1)NN,1
C[C@@H](c1ncncc1F)[C@](O)(Cn1cncn1)c1ccc(F)cc1F,1
O=C(O)COC(=O)Cc1ccccc1Nc1c(Cl)cccc1Cl,1
Cc1nc([N+](=O)[O-])cn1-c1ccc([N+](=O)[O-])cc1,1
CCN(C)C(=O)Oc1cccc([C@H](C)N(C)C)c1,1
CN[C@@H]1CCc2[nH]c3ccc(C(N)=O)cc3c2C1,0
CN(CCOc1ccc(CC2SC(=O)NC2=O)cc1)c1ccccn1,1
C=C(c1ccc(C(=O)O)cc1)c1cc2c(cc1C)C(C)(C)CCC2(C)C,1
CC[C@H]1OC(=O)[C@H](C)[C@@H](O[C@H]2C[C@@](C)(OC)[C@@H](O)[C@H](C)O2)[C@H](C)[C@@H](O[C@@H]2O[C@H](C)C[C@H](N(C)C)[C@H]2O)[C@](C)(OC)C[C@@H](C)C(=O)[C@H](C)[C@@H](O)[C@]1(C)O,1
CC(C)C[C@@H](NC(=O)[C@@H](Cc1ccccc1)NC(=O)c1cnccn1)B(O)O,1
COc1ccccc1Oc1c(NS(=O)(=O)c2ccc(C(C)(C)C)cc2)nc(-c2ncccn2)nc1OCCO,1
CCC1(c2ccccc2)C(=O)NC(=O)NC1=O.CCCCOCC(CN1C(=O)N(CC(COCCCC)OC(N)=O)C(=O)C(CC)(c2ccccc2)C1=O)OC(N)=O.CCCCOCC(CN1C(=O)NC(=O)C(CC)(c2ccccc2)C1=O)OC(N)=O,1
Cc1nc2n(c(=O)c1CCN1CCC(c3noc4cc(F)ccc34)CC1)CCCC2O,0
Cc1onc(-c2ccccc2)c1-c1ccc(S(N)(=O)=O)cc1,1
CN(C)CCc1c[nH]c2ccc(CS(=O)(=O)N3CCCC3)cc12,0
NC(=O)C1CSSCCC(=O)NC(CCCCN=C(N)N)C(=O)NCC(=O)NC(CC(=O)O)C(=O)NC(Cc2c[nH]c3ccccc23)C(=O)N2CCCC2C(=O)N1,0
COc1cc2ncnc(Nc3ccc(F)c(Cl)c3)c2cc1OCCCN1CCOCC1,1
Clc1ccc2c(c1)CCc1cccnc1C2=C1CCNCC1,1
CN(C)CC(c1ccc(O)cc1)C1(O)CCCCC1,1
CN(Cc1cnc2nc(N)nc(N)c2n1)c1ccc(C(=O)N[C@@H](CCC(=O)O)C(=O)O)cc1,1
Cc1nc(-c2ccc(OCC(C)C)c(C#N)c2)sc1C(=O)O,1
C=C1C(=CC=C2CCC[C@@]3(C)[C@H]2CC[C@@H]3[C@H](C)CCCC(C)(C)O)C[C@@H](O)C[C@@H]1O,0
CN(C)CCC[C@@]1(c2ccc(F)cc2)OCc2cc(C#N)ccc21,1
CC(=O)O[C@@]12CO[C@@H]1C[C@H](O)[C@@]1(C)C(=O)[C@H](O)C3=C(C)[C@@H](OC(=O)[C@H](O)[C@@H](NC(=O)OC(C)(C)C)c4ccccc4)C[C@@](O)([C@@H](OC(=O)c4ccccc4)[C@@H]12)C3(C)C,1
COC(=O)N[C@H](C(=O)N[C@@H](Cc1ccccc1)[C@@H](O)CN(Cc1ccc(-c2ccccn2)cc1)NC(=O)[C@@H](NC(=O)OC)C(C)(C)C)C(C)(C)C,1
Cc1ccc(Nc2c(F)cccc2Cl)c(CC(=O)O)c1,1
C[C@]12CCC3[C@@H](CC[C@H]4NC(=O)C=C[C@]34C)[C@@H]1CC[C@@H]2C(=O)Nc1cc(C(F)(F)F)ccc1C(F)(F)F,0
COc1c(N2C[C@@H]3CCCN[C@@H]3C2)c(F)cc2c(=O)c(C(=O)O)cn(C3CC3)c12,1
C[C@H]1CNc2c(cccc2S(=O)(=O)N[C@@H](CCCN=C(N)N)C(=O)N2CC[C@@H](C)C[C@@H]2C(=O)O)C1,0
CCO[C@@H]1OC(=O)C[C@@H]1NC(=O)[C@@H]1CCCN2C(=O)CC[C@H](NC(=O)c3nccc4ccccc34)C(=O)N12,1
CCCC(=O)OCOC(=O)C1=C(C)NC(C)=C(C(=O)OC)C1c1cccc(Cl)c1Cl,0
COC(=O)[C@H](c1ccccc1)[C@H]1CCCCN1,1
C=CCOCC1CN2CCO[Si](C)(O1)OC(COCC=C)C2,0
C[C@@H](NCCCc1cccc(C(F)(F)F)c1)c1cccc2ccccc12,0
O.O=C([O-])CN(CCN(CC(=O)[O-])C[C@H](COP(=O)([O-])OC1CCC(c2ccccc2)(c2ccccc2)CC1)N(CC(=O)[O-])CC(=O)[O-])CC(=O)[O-].[Gd+3].[Na+].[Na+].[Na+],0
NC[C@@H]1O[C@H](O[C@@H]2[C@@H](CO)O[C@@H](O[C@@H]3[C@@H](O)[C@H](N)C[C@H](N)[C@H]3O[C@H]3O[C@H](CO)[C@@H](O)[C@H](O)[C@H]3N)[C@@H]2O)[C@H](N)[C@@H](O)[C@@H]1O,0
C=Cc1ccccc1S(=O)(=O)[O-].[Ca+2],0
CN1[C@H]2CC[C@@H]1CC(OC(=O)C(CO)c1ccccc1)C2,0
C#Cc1cccc(Nc2ncnc3cc(OCCOC)c(OCCOC)cc23)c1,1
Cc1cc(C#N)cc(C)c1Oc1nc(Nc2ccc(C#N)cc2)nc(N)c1Br,1
CCC(=O)NCC[C@@H]1CCc2ccc3c(c21)CCO3,0
CS(=O)(=O)CCNCc1ccc(-c2ccc3ncnc(Nc4ccc(OCc5cccc(F)c5)c(Cl)c4)c3c2)o1,1
CC(C)CN(C[C@@H](O)[C@H](Cc1ccccc1)NC(=O)O[C@H]1CO[C@H]2OCC[C@@H]12)S(=O)(=O)c1ccc(N)cc1,1
Cc1ccccc1C(=O)Nc1ccc(C(=O)N2CCCC(O)c3cc(Cl)ccc32)c(C)c1,1
CNC(=O)c1cc(Oc2ccc(NC(=O)Nc3ccc(Cl)c(C(F)(F)F)c3)cc2)ccn1,1
Nc1cccc2c1CN(C1CCC(=O)NC1=O)C2=O,1
CNC(=O)c1cnn(-c2nc(N)c3ncn([C@@H]4O[C@H](CO)[C@@H](O)[C@H]4O)c3n2)c1,0
CCOC(Nc1ccc(C(=O)O)cc1)C(=O)c1ccc(-c2ccccc2)cc1,1
CCc1oc2ccccc2c1C(=O)c1ccc(O)cc1,1
CC(C)c1nc(CN(C)C(=O)N[C@H](C(=O)N[C@@H](Cc2ccccc2)C[C@H](O)[C@H](Cc2ccccc2)NC(=O)OCc2cncs2)C(C)C)cs1,1
C=C(CN(C)C)C(=O)c1ccc(C)cc1C,1
NC[C@H](O)c1ccc(O)c(O)c1,0
C=CC[C@@H]1C=C(C)C[C@H](C)C[C@H](OC)[C@H]2O[C@@](O)(C(=O)C(=O)N3CCCC[C@H]3C(=O)O[C@H](C(C)=C[C@@H]3CC[C@@H](O)[C@H](OC)C3)[C@H](C)[C@@H](O)CC1=O)[C@H](C)C[C@@H]2OC,1
CCC(C)[C@H](N)C1=NCC(C(=O)N[C@@H](CC(C)C)C(=O)N[C@H](CCC(=O)O)C(=O)N[C@H](C(=O)N[C@H]2CCCCNC(=O)[C@H](CC(N)=O)NC(=O)[C@@H](CC(=O)O)NC(=O)[C@H](Cc3cnc[nH]3)NC(=O)[C@@H](Cc3ccccc3)NC(=O)[C@H](C(C)CC)NC(=O)[C@@H](CCCN)NC2=O)C(C)CC)S1,0
C=C[C@H]1CN2CC[C@H]1C[C@@H]2[C@@H](O)c1ccnc2ccc(OC)cc12,1
COC1=CC(=O)C[C@@H](C)[C@]12Oc1c(Cl)c(OC)cc(OC)c1C2=O,1
CN[C@H](CC(C)C)C(=O)NC1C(=O)N[C@@H](CC(N)=O)C(=O)N[C@H]2C(=O)N[C@H]3C(=O)N[C@H](C(=O)N[C@@H](C(=O)O)c4cc(O)cc(O)c4-c4cc3ccc4O)[C@H](O)c3ccc(c(Cl)c3)Oc3cc2cc(c3O[C@@H]2O[C@H](CO)[C@@H](O)[C@H](O)[C@H]2O[C@H]2C[C@](C)(N)[C@H](O)[C@H](C)O2)Oc2ccc(cc2Cl)[C@H]1O,1
C[C@H]1O[C@H](O[C@@H]2[C@@H](CO)O[C@H](O[C@@H]3[C@@H](CO)O[C@@H](O)[C@H](O)[C@H]3O)[C@H](O)[C@H]2O)[C@H](O)[C@@H](O)[C@@H]1N[C@H]1C=C(CO)[C@H](O)[C@H](O)[C@H]1O,1
Cl[Pt+2]Cl.N.N,1
CC(C)=CCN1CC[C@@]2(C)c3cc(O)ccc3C[C@@H]1[C@@H]2C,0
C[NH+](C)CCOC(c1ccccc1)c1ccccc1.Cn1c2nc(Cl)nc-2c([O-])n(C)c1=O,0
C=CC[N+]1([C@H]2C[C@H]3[C@@H]4CC[C@H]5C[C@H](O)[C@@H](N6CCOCC6)C[C@]5(C)[C@H]4CC[C@]3(C)[C@H]2OC(C)=O)CCCC1,0
CC[C@H](C(N)=O)N1CCCC1=O,1
CC(=O)NC[C@H]1CN(c2ccc(N3CCOCC3)c(F)c2)C(=O)O1,1
NC(=O)C(c1ccccc1)(c1ccccc1)[C@@H]1CCN(CCc2ccc3c(c2)CCO3)C1,0
CC1=C(/C=C/C(C)=C/C=C/C(C)=C/CO)C(C)(C)CCC1,1
C[C@@H]1O[C@@H]1P(=O)(O)O,1
C[C@H](Cn1cnc2c(N)ncnc21)OCP(=O)(O)O,1
O=C(O)C1(C(=O)O)CCC1.[NH2-].[NH2-].[Pt],1
O=C([O-])O.[Na+],0
C#CC1(OC(C)=O)CCC2C3CCC4=CC(=O)CCC4C3CCC21C,0
CO[C@H]1O[C@H](COS(=O)(=O)[O-])[C@@H](O[C@@H]2O[C@@H](C(=O)[O-])[C@@H](O[C@H]3O[C@H](COS(=O)(=O)[O-])[C@@H](O[C@@H]4O[C@H](C(=O)[O-])[C@@H](O[C@H]5O[C@H](COS(=O)(=O)[O-])[C@@H](O)[C@H](O)[C@H]5NS(=O)(=O)[O-])[C@H](O)[C@H]4O)[C@H](OS(=O)(=O)[O-])[C@H]3NS(=O)(=O)[O-])[C@H](O)[C@H]2OS(=O)(=O)[O-])[C@H](O)[C@H]1NS(=O)(=O)[O-].[Na+].[Na+].[Na+].[Na+].[Na+].[Na+].[Na+].[Na+].[Na+].[Na+],1
NC(=O)[C@@H]1CCCN1C(=O)[C@H](Cc1cnc[nH]1)NC(=O)[C@@H]1CCC(=O)N1,0
Cc1nnc(SCC2=C(C(=O)O)N3C(=O)[C@@H](NC(=O)Cn4cnnn4)C3SC2)s1,1
CCCCC(F)(F)[C@@]1(O)CC[C@@H]2[C@H](CCCCCCC(=O)O)C(=O)C[C@H]2O1,0
CCCc1cc(=O)[nH]c(=S)[nH]1,1
S=c1nc[nH]c2nc[nH]c12,1
CN1CCCN=C1/C=C/c1cccs1,0
Cn1cc[nH]c1=S,1
CCN(CC)CCOc1ccc(/C(=C(\Cl)c2ccccc2)c2ccccc2)cc1,1
O=C(O)COCCN1CCN([C@H](c2ccccc2)c2ccc(Cl)cc2)CC1,1
Nc1nc(=S)c2[nH]cnc2[nH]1,1
CC/C(=C(\c1ccccc1)c1ccc(OCCN(C)C)cc1)c1ccccc1,1
CCc1cc(C(N)=S)ccn1,1
CCCCN1C(=O)[C@@H]([C@H](O)C2CCCCC2)NC(=O)C12CCN(Cc1ccc(Oc3ccc(C(=O)O)cc3)cc1)CC2,1
Cc1nnc(C(C)C)n1C1C[C@@H]2CC[C@H](C1)N2CC[C@H](NC(=O)C1CCC(F)(F)CC1)c1ccccc1,1
COc1nc(N)nc2c1ncn2[C@@H]1O[C@H](CO)[C@@H](O)[C@@H]1O,1
CN/C(=C\[N+](=O)[O-])NCCSCc1csc(CN(C)C)n1,1
CN(C)Cc1ccc(CSCCN/C(=C\[N+](=O)[O-])NCc2ccc3c(c2)OCO3)o1,1
O=C(OC1CC2CC[C@@H](C1)[N+]21CCCC1)C(O)(c1ccccc1)c1ccccc1.[Cl-],0
CC(C)c1cccc(C(C)C)c1OCOP(=O)([O-])[O-].[Na+].[Na+],1
Cc1nc(Nc2ncc(C(=O)Nc3c(C)cccc3Cl)s2)cc(N2CCN(CCO)CC2)n1,1
CCCCCOc1ccc(-c2cc(-c3ccc(C(=O)NC4CC(O)C(O)NC(=O)C5C(O)C(C)CN5C(=O)C(C(O)CC(N)=O)NC(=O)C(C(O)C(O)c5ccc(O)c(OS(=O)(=O)O)c5)NC(=O)C5CC(O)CN5C(=O)C(C(C)O)NC4=O)cc3)no2)cc1,1
C[C@H](N)C(=O)N[C@@H](C)C(=O)NC1[C@@H]2CN(c3nc4c(cc3F)c(=O)c(C(=O)O)cn4-c3ccc(F)cc3F)C[C@H]12,1
Cc1ccc(C(=O)c2cc(O)c(O)c([N+](=O)[O-])c2)cc1,1
CN1/C(=C(/O)Nc2ccccn2)C(=O)c2ccccc2S1(=O)=O,1
C=C1CC[C@H](O)C/C1=C/C=C1\CCC[C@@]2(C)[C@H]1CC[C@@H]2[C@H](C)/C=C/[C@H](C)C(C)C,0
C/C=C/C1=C(C(=O)O)N2C(=O)[C@@H](NC(=O)[C@H](N)c3ccc(O)cc3)[C@H]2SC1,1
C[C@H]1c2cccc(O)c2C(O)=C2C(=O)[C@]3(O)C(=O)/C(=C(/N)O)C(=O)[C@@H](N(C)C)[C@@H]3[C@@H](O)[C@@H]21,1
CN(C)c1ccc(O)c2c1C[C@H]1C[C@H]3[C@H](N(C)C)C(=O)/C(=C(\N)O)C(=O)[C@@]3(O)C(=O)C1=C2O,1
COc1cc2c(cc1OC)[C@@H](Cc1cc(OC)c(OC)c(OC)c1)[N+](C)(CCCOC(=O)CC/C=C/CCC(=O)OCCC[N+]1(C)CCc3cc(OC)c(OC)cc3[C@H]1Cc1cc(OC)c(OC)c(OC)c1)CC2,0
COc1c(C)c2c(c(O)c1C/C=C(\C)CCC(=O)OCCN1CCOCC1)C(=O)OC2,1
CC1=C(/C=C/C(C)=C/C=C/C(C)=C\C(=O)O)C(C)(C)CCC1,1
Cc1ccc(/C(=C\CN2CCCC2)c2ccccn2)cc1,0
CCCCC[C@](C)(O)/C=C/[C@H]1[C@H](O)C[C@H](O)[C@@H]1C/C=C/CCCC(=O)O,0
CCCCCCC(C)(C)c1cc(O)c2c(c1)OC(C)(C)[C@@H]1CCC(=O)C[C@@H]21,0
COc1ccc2c3c1O[C@H]1C(=O)CC[C@@]4(O)[C@@H](C2)N(C)CC[C@]314,0
CN1CC[C@]23c4c5ccc(O)c4O[C@H]2C(=O)CC[C@@]3(O)[C@H]1C5,0
CC1(C)O[C@@H]2CO[C@@]3(COS(N)(=O)=O)OC(C)(C)O[C@H]3[C@@H]2O1,1
c1cnc2cc3c(cc2n1)[C@H]1CNC[C@@H]3C1,1
CCN(CC)CCNC(=O)c1c(C)[nH]c(/C=C2\C(=O)Nc3ccc(F)cc32)c1C,1
CN(C)N/N=C1\N=CN=C1C(N)=O,1
C/C=C1\NC(=O)[C@H]2CSSCC/C=C/[C@H](CC(=O)N[C@H](C(C)C)C(=O)N2)OC(=O)[C@H](C(C)C)NC1=O,0
O=C1CN(/N=C\c2ccc([N+](=O)[O-])o2)C(=O)N1,1
O=C(O)C1=C/C(=N/Nc2ccc(S(=O)(=O)Nc3ccccn3)cc2)C=CC1=O,1
CN(C)C1C(=O)/C(=C(\N)O)C(=O)C2(O)C(=O)C3=C(O)c4c(O)cccc4C(C)(O)C3CC12,1
Oc1ccc2c3c1OC1[C@@H](O)CC[C@@]4(O)[C@@H](C2)N(CC2CCC2)CC[C@]314,0
COc1ccc2c(c1)[C@]13CCCC[C@@H]1[C@H](C2)N(C)CC3,0
C[N+]1(CC2CC2)CC[C@]23c4c5ccc(O)c4O[C@H]2C(=O)CC[C@@]3(O)[C@H]1C5.[Br-],0
CO/N=C(/C(=O)N[C@@H]1C(=O)N2C(C(=O)O)=C(CSc3nc(=O)c(=O)[nH]n3C)CS[C@H]12)c1csc(N)n1,1
NCCCC[C@H](N[C@@H](CCc1ccccc1)C(=O)O)C(=O)N1CCC[C@H]1C(=O)O,1
CCOC(=O)[C@H](CCc1ccccc1)N[C@H]1CCc2ccccc2N(CC(=O)O)C1=O,1
CCOC(=O)[C@H](CCc1ccccc1)N[C@@H](C)C(=O)N1[C@H](C(=O)O)C[C@@H]2CCC[C@@H]21,1
CO[C@H]1/C=C/O[C@@]2(C)Oc3c(C)c(O)c4c(c3C2=O)C(=O)/C(=C/NN2CCN(C)CC2)C(=C4O)NC(=O)/C(C)=C\C=C\[C@H](C)[C@H](O)[C@@H](C)[C@@H](O)[C@@H](C)[C@H](OC(C)=O)[C@@H]1C,1
CC[C@H]1OC(=O)[C@H](C)C(=O)[C@H](C)[C@@H](O[C@@H]2O[C@H](C)C[C@H](N(C)C)[C@H]2O)[C@@](C)(OC)C[C@@H](C)C(=O)[C@H](C)[C@H]2N(CCCCn3cnc(-c4cccnc4)c3)C(=O)O[C@]12C,1
CO/N=C1/CN(c2nc3c(cc2F)c(=O)c(C(=O)O)cn3C2CC2)CC1CN,1
CO/N=C(\C(=O)N[C@@H]1C(=O)N2C(C(=O)[O-])=C(C[N+]3(C)CCCC3)CS[C@H]12)c1csc(N)n1,1
CCOC(=O)[C@H](CCc1ccccc1)N[C@@H](C)C(=O)N1[C@H](C(=O)O)C[C@H]2CCCC[C@@H]21,1
C[C@H]1CN(C[C@H](Cc2ccccc2)C(=O)NCC(=O)O)CC[C@@]1(C)c1cccc(O)c1,0
O=C1C=CC=C/C1=C1\N/C(=C2/C=CC=CC2=O)N(c2ccc(C(=O)O)cc2)N1,1
CCC(C)CCCCC(=O)NC(CCN)C(=O)NC(C(=O)NC(CCN)C(=O)NC1CCNC(=O)C(C(C)O)NC(=O)C(CCN)NC(=O)C(CCN)NC(=O)C(CC(C)C)NC(=O)C(Cc2ccccc2)NC(=O)C(CCN)NC1=O)C(C)O.O=S(=O)(O)O,0
CO[C@H]1/C=C/O[C@@]2(C)Oc3c(C)c(O)c4c(c3C2=O)C2=NC3(CCN(CC(C)C)CC3)NC2=C(NC(=O)/C(C)=C\C=C\[C@H](C)[C@H](O)[C@@H](C)[C@@H](O)[C@@H](C)[C@H](OC(C)=O)[C@@H]1C)C4=O,1
O.O.O.O=S(=O)([O-])OC[C@H]1O[C@@H](O[C@]2(COS(=O)(=O)[O-])O[C@H](OS(=O)(=O)[O-])[C@@H](OS(=O)(=O)[O-])[C@@H]2OS(=O)(=O)[O-])[C@H](OS(=O)(=O)[O-])[C@@H](OS(=O)(=O)[O-])[C@@H]1OS(=O)(=O)[O-].[Al],0
CCCCCCCC/C=C/CCCCCCCC(=O)O.NCCO,0
CO[Si](C)(C)O[Si](C)(C)C.O=[Si]=O,0
C/C=C/C[C@@H](C)[C@@H](O)C1C(=O)NC(CC)C(=O)N(C)CC(=O)N(C)C(CC(C)C)C(=O)NC(C(C)C)C(=O)N(C)C(CC(C)C)C(=O)NC(C)C(=O)NC(C)C(=O)N(C)C(CC(C)C)C(=O)N(C)C(CC(C)C)C(=O)N(C)C(C(C)C)C(=O)N1C,1
CC(C)c1nc(N(C)S(C)(=O)=O)nc(-c2ccc(F)cc2)c1/C=C/[C@H](O)C[C@@H](O)CC(=O)O,1
C=CC1=C(C(=O)O)N2C(=O)[C@@H](NC(=O)/C(=N\O)c3csc(N)n3)[C@H]2SC1,1
CNC[C@H](O)[C@@H](O)[C@H](O)[C@H](O)CO.CNC[C@H](O)[C@@H](O)[C@H](O)[C@H](O)CO.O=C([O-])CN(CCN(CC(=O)[O-])CC(=O)O)CCN(CC(=O)O)C(COCc1ccccc1)C(=O)[O-].[Gd+3],0
CO[C@H]1C[C@@H]2CC[C@@H](C)[C@@](O)(O2)C(=O)C(=O)N2CCCC[C@H]2C(=O)O[C@H]([C@H](C)C[C@@H]2CC[C@@H](OC(=O)C(C)(CO)CO)[C@H](OC)C2)CC(=O)[C@H](C)/C=C(\C)[C@@H](O)[C@@H](OC)C(=O)[C@H](C)C[C@H](C)/C=C/C=C/C=C/1C,0
CC(=O)Oc1cc2c(s1)CCN(C(C(=O)C1CC1)c1ccccc1F)C2,1
CN1CCC(Nc2ncc3ncnc(Nc4ccc(F)c(Cl)c4)c3n2)CC1,1
C/C(=N\O)[C@@H](C)NCC(C)(C)CN[C@H](C)/C(C)=N/O,0
CCOC(=O)CN[C@@H](C(=O)N1CC[C@H]1C(=O)NCc1ccc(/C(N)=N/O)cc1)C1CCCCC1,1
COc1ccc2nc([S@](=O)Cc3ncc(C)c(OC)c3C)[nH]c2c1,1
CSCC[C@H](NC(=O)[C@H](Cc1ccc(OS(=O)(=O)O)cc1)NC(=O)[C@@H](N)CC(=O)O)C(=O)NCC(=O)N[C@@H](Cc1c[nH]c2ccccc12)C(=O)N[C@@H](CCSC)C(=O)N[C@@H](CC(=O)O)C(=O)N[C@@H](Cc1ccccc1)C(N)=O,0
CC(C)C(=O)Oc1ccc(CO)cc1[C@H](CCN(C(C)C)C(C)C)c1ccccc1.O=C(O)/C=C/C(=O)O,0
N[C@@H]1CCCC[C@H]1N.O=C([O-])C(=O)[O-].[Pt+2],1
Cc1ccc(-n2[nH]c(C)c(N/N=C3\C=CC=C(c4cccc(C(=O)O)c4)C3=O)c2=O)cc1C.NCCO.NCCO,1
Cc1nnc(C(=O)NC(C)(C)C2=N/C(=C(\O)NCc3ccc(F)cc3)C(=O)C(=O)N2C)o1,1
CC1/C=C/C=C/CC/C=C/C=C/C=C/C=C/C(OC2O[C@H](C)[C@@H](O)[C@H](N)[C@@H]2O)CC(O)C(C(=O)O)C(O)CC(=O)CC(O)C(O)CCC(O)CC(O)CC(O)CC(=O)OC(C)C(C)C1O,0
CN1c2c([nH]c(N)nc2=O)NC[C@@H]1CNc1ccc(C(=O)N[C@@H](CCC(=O)[O-])C(=O)[O-])cc1.[Ca+2],0
CSCC[C@H](NC(=O)[C@H](CO)NC(=O)[C@H](Cc1ccc(O)cc1)NC(=O)C(N)CO)C(=O)N[C@@H](CCC(=O)O)C(=O)N[C@@H](Cc1c[nH]cn1)C(=O)N[C@@H](Cc1ccccc1)C(=O)N[C@@H](CCCNC(=N)N)C(=O)N[C@@H](Cc1c[nH]c2ccccc12)C(=O)NCC(=O)N[C@@H](CCCCN)C(=O)N1CCC[C@H]1C(=O)N[C@H](C(=O)NCC(=O)N[C@H](CCCCN)C(=O)N[C@H](CCCCN)C(=O)N[C@H](CCCNC(=N)N)C(=O)N[C@H](CCCNC(=N)N)C(=O)N1CCC[C@H]1C(=O)N[C@H](C(=O)N[C@@H](CCCCN)C(=O)N[C@H](C(=O)N[C@@H](Cc1ccc(O)cc1)C(=O)N1CCC[C@H]1C(=O)O)C(C)C)C(C)C)C(C)C,0
CCCCCCCCCC(=O)N[C@@H](Cc1c[nH]c2ccccc12)C(=O)N[C@@H](CC(N)=O)C(=O)N[C@@H](CC(=O)O)C(=O)NC1C(=O)NCC(=O)N[C@@H](CCCN)C(=O)N[C@@H](CC(=O)O)C(=O)N[C@H](C)C(=O)N[C@@H](CC(=O)O)C(=O)NCC(=O)N[C@H](CO)C(=O)N[C@@H](C(C)CC(=O)O)C(=O)N[C@@H](CC(=O)c2ccccc2N)C(=O)OC1C,1
CC(C)CC(NC(=O)CNC(=O)C(CCC(N)=O)NC(=O)C(CC(C)C)NC(=O)C(CC(C)C)NC(=O)C(CCCNC(=N)N)NC(=O)C(CCC(N)=O)NC(=O)C(CC(C)C)NC(=O)C(CCCNC(=N)N)NC(=O)C(C)NC(=O)C(CO)NC(=O)C(CC(=O)O)NC(=O)C(CCCNC(=N)N)NC(=O)C(CC(C)C)NC(=O)C(CCCNC(=N)N)NC(=O)C(CO)NC(=O)C(CC(C)C)NC(=O)C(CCC(=O)O)NC(=O)C(CO)NC(=O)C(NC(=O)C(Cc1ccccc1)NC(=O)C(NC(=O)CNC(=O)C(CC(=O)O)NC(=O)C(CO)NC(=O)C(N)Cc1ncc[nH]1)C(C)O)C(C)O)C(=O)NC(C(=O)O)C(C)C,0
CCNC(=NCCCC[C@H](NC(=O)[C@H](CC(C)C)NC(=O)[C@@H](CCCCN=C(NCC)NCC)NC(=O)[C@H](Cc1ccc(O)cc1)NC(=O)[C@H](CO)NC(=O)[C@@H](Cc1cccnc1)NC(=O)[C@@H](Cc1ccc(Cl)cc1)NC(=O)[C@@H](Cc1ccc2ccccc2c1)NC(C)=O)C(=O)N1CCC[C@H]1C(=O)N[C@H](C)C(N)=O)NCC,0
CC[C@H](C)[C@H](NC(=O)[C@H](CC(=O)O)NC(=O)[C@H](CC(C)C)NC(=O)[C@H](CC(C)C)NC(=O)[C@H](CCCCN)NC(=O)[C@H](CCCNC(=N)N)NC(=O)[C@H](CC(N)=O)NC(=O)[C@H](CO)NC(=O)[C@H](Cc1cnc[nH]1)NC(=O)[C@H](C)NC(=O)[C@H](CCC(N)=O)NC(=O)[C@H](CCC(N)=O)NC(=O)[C@H](C)NC(=O)[C@H](CC(C)C)NC(=O)[C@H](CCC(N)=O)NC(=O)[C@H](CC(=O)O)NC(=O)[C@H](C)NC(=O)[C@H](CCCCN)NC(=O)[C@@H](NC(=O)[C@H](CCSC)NC(=O)[C@H](CCC(=O)O)NC(=O)[C@H](CC(C)C)NC(=O)[C@@H](NC(=O)[C@H](CCC(=O)O)NC(=O)[C@H](CCCNC(=N)N)NC(=O)[C@H](CC(C)C)NC(=O)[C@H](CC(C)C)NC(=O)[C@H](Cc1cnc[nH]1)NC(=O)[C@H](Cc1ccccc1)NC(=O)[C@@H](NC(=O)[C@H](CC(C)C)NC(=O)[C@H](CC(=O)O)NC(=O)[C@H](CC(C)C)NC(=O)[C@H](CO)NC(=O)[C@@H](NC(=O)[C@@H]1CCCN1C(=O)[C@@H]1CCCN1C(=O)[C@H](CCC(=O)O)NC(=O)[C@H](CCC(N)=O)NC(=O)[C@@H](N)CO)[C@@H](C)CC)[C@@H](C)O)C(C)C)[C@@H](C)O)C(=O)N[C@@H](C)C(N)=O,0
CC[C@H](C)[C@H](NC(=O)[C@@H]1CCCN1C(=O)CNC(=O)[C@H](Cc1ccccc1)NC(=O)[C@H](CC(N)=O)NC(=O)[C@H](CC(N)=O)NC(=O)[C@H](CO)NC(=O)[C@H](CO)NC(=O)[C@H](Cc1cnc[nH]1)NC(=O)[C@@H](NC(=O)[C@H](CC(C)C)NC(=O)[C@H](Cc1ccccc1)NC(=O)[C@H](CC(N)=O)NC(=O)[C@H](C)NC(=O)[C@H](CC(C)C)NC(=O)[C@H](CCCNC(=N)N)NC(=O)[C@H](CCC(N)=O)NC(=O)[C@@H](NC(=O)[C@H](C)NC(=O)[C@H](CS)NC(=O)[C@@H](NC(=O)[C@H](C)NC(=O)[C@@H](NC(=O)[C@H](CC(N)=O)NC(=O)[C@H](CS)NC(=O)[C@@H](N)CCCCN)[C@@H](C)O)[C@@H](C)O)[C@@H](C)O)C(C)C)C(=O)N[C@@H](CC(C)C)C(=O)N1CCC[C@H]1C(=O)N1CCC[C@H]1C(=O)N[C@H](C(=O)N[C@@H](CC(N)=O)C(=O)N[C@H](C(=O)NCC(=O)N[C@@H](CO)C(=O)N[C@@H](CC(N)=O)C(=O)N[C@H](C(=O)N[C@@H](Cc1ccc(O)cc1)C(N)=O)[C@@H](C)O)C(C)C)[C@@H](C)O,0
CC[C@H](C)[C@H](NC(=O)[C@H](Cc1ccccc1)NC(=O)[C@H](CC(C)C)NC(=O)[C@H](CCCNC(=N)N)NC(=O)[C@@H](NC(=O)[C@H](C)NC(=O)[C@H](CCC(=O)O)NC(=O)[C@H](CCC(=O)O)NC(=O)[C@H](CCC(=O)O)NC(=O)[C@H](CCSC)NC(=O)[C@H](CCC(N)=O)NC(=O)[C@H](CCCCN)NC(=O)[C@H](CO)NC(=O)[C@H](CC(C)C)NC(=O)[C@H](CC(=O)O)NC(=O)[C@H](CO)NC(=O)[C@@H](NC(=O)[C@H](Cc1ccccc1)NC(=O)[C@@H](NC(=O)CNC(=O)[C@H](CCC(=O)O)NC(=O)CNC(=O)[C@@H](N)Cc1cnc[nH]1)[C@@H](C)O)[C@@H](C)O)C(C)C)C(=O)N[C@@H](CCC(=O)O)C(=O)N[C@@H](Cc1c[nH]c2ccccc12)C(=O)N[C@@H](CC(C)C)C(=O)N[C@@H](CCCCN)C(=O)N[C@@H](CC(N)=O)C(=O)NCC(=O)NCC(=O)N1CCC[C@H]1C(=O)N[C@@H](CO)C(=O)N[C@@H](CO)C(=O)NCC(=O)N[C@@H](C)C(=O)N1CCC[C@H]1C(=O)N1CCC[C@H]1C(=O)N1CCC[C@H]1C(=O)N[C@@H](CO)C(N)=O,0
COc1ccc(N(C)C)cc1CN[C@H]1CCCN[C@H]1c1ccccc1,0
CCCC(CCC)C(=O)O.CCCC(CCC)C(=O)[O-].[Na+],1
[13CH3]C(O)C(=O)[O-].[Na+],0
CC(C)CC(NC(=O)C(Cc1c[nH]c2ccccc12)NC(=O)C(Cc1ccc(O)cc1)NC(=O)C(CO)NC(=O)C(Cc1c[nH]c2ccccc12)NC(=O)C(Cc1cnc[nH]1)NC(=O)C1CCC(=O)N1)C(=O)NC(CCCN=C(N)N)C(=O)N1CCCC1C(=O)NCC(N)=O,1
CC[C@H](C)[C@@H]1NC(=O)[C@H](CCCNC(=N)N)NC(=O)[C@H](CC(=O)O)NC(=O)[C@H](CCSC)NC(=O)[C@H](CCCCN)NC(=O)[C@H](CCCNC(=N)N)NC(=O)CNC(=O)[C@H](Cc2ccccc2)NC(=O)[C@@H](NC(=O)CNC(=O)[C@H](CO)NC(=O)CNC(=O)[C@H](CCC(N)=O)NC(=O)[C@@H](NC(=O)[C@H](CCSC)NC(=O)[C@H](CCCCN)NC(=O)[C@@H]2CCCN2C(=O)[C@@H](N)CO)C(C)C)CSSC[C@@H](C(=O)N[C@@H](CCCCN)C(=O)N[C@H](C(=O)N[C@@H](CC(C)C)C(=O)N[C@@H](CCCNC(=N)N)C(=O)N[C@@H](CCCNC(=N)N)C(=O)N[C@@H](CC2C=NC=N2)C(=O)O)C(C)C)NC(=O)CNC(=O)[C@H](CC(C)C)NC(=O)CNC(=O)[C@H](CO)NC(=O)[C@H](CO)NC(=O)[C@H](CO)NC(=O)[C@H](CO)NC1=O,0
O=C([O-])C1O[C@@H](OC2[C@@H](COS(=O)(=O)[O-])OC(O)C(NS(=O)(=O)[O-])[C@H]2O)C(OS(=O)(=O)[O-])[C@@H](O)C1O,1
CC[C@H](C)[C@@H]1NC(=O)[C@H](Cc2ccccc2)NC(=O)[C@H](CCC(=O)O)NC(=O)[C@H](CCC(=O)O)NC(=O)[C@@H]2CSSC[C@@H]3NC(=O)[C@H](CCC(=O)O)NC(=O)[C@H](CCC(=O)O)NC(=O)[C@H](CC(C)C)NC(=O)[C@H](CO)NC(=O)[C@H](CCC(=O)O)NC(=O)[C@H](Cc4ccccc4)NC(=O)[C@H](CCCNC(=N)N)NC(=O)[C@H](CC(N)=O)NC(=O)[C@H](CCC(N)=O)NC(=O)[C@H](CC(N)=O)NC(=O)CNC(=O)[C@H](CCC(=O)O)NC(=O)[C@H](CSSC[C@H](NC(=O)[C@@H]4CCCN4C(=O)CNC(=O)[C@H](CC(=O)O)NC(=O)[C@H](CC(=O)O)NC(=O)[C@H](C)NC(=O)[C@H](CCCCN)NC(=O)[C@H](Cc4ccccc4)NC(=O)[C@H](C)NC(=O)[C@@H](NC(=O)[C@H](Cc4ccccc4)NC(=O)[C@H](CO)NC(=O)[C@H](Cc4cnc[nH]4)NC(=O)[C@H](CCSC)NC(=O)[C@H](C)NC(=O)[C@@H](N)CCC(=O)O)CSSC[C@@H](C(=O)N[C@H](C(=O)N[C@@H](CCCNC(=N)N)C(=O)N[C@@H](CC(=O)O)C(=O)O)[C@H](C)O)NC(=O)[C@H](CCSC)NC(=O)[C@H](CCCCN)NC(=O)[C@H](CCCCN)NC3=O)C(=O)N[C@@H](CCCNC(=N)N)C(=O)N[C@@H](C)C(=O)N[C@@H](C)C(=O)N[C@@H](Cc3cnc[nH]3)C(=O)N3CCC[C@H]3C(=O)N[C@@H](CCCNC(=N)N)C(=O)N[C@@H](Cc3c[nH]c4ccccc34)C(=O)N[C@@H](Cc3ccccc3)C(=O)N[C@@H](Cc3ccccc3)C(=O)N[C@@H](CC(N)=O)C(=O)N[C@@H]([C@@H](C)CC)C(=O)N[C@@H](Cc3ccccc3)C(=O)N[C@@H]([C@H](C)O)C(=O)N[C@@H](CCCNC(=N)N)C(=O)N[C@@H](CCC(N)=O)C(=O)N2)NC(=O)CNC(=O)CNC(=O)[C@H](Cc2ccc(O)cc2)NC1=O,0
Cl.N#C[C@@H]1C[C@@H]2C[C@@H]2N1C(=O)[C@@H](N)C12CC3CC(CC(O)(C3)C1)C2,0
Cc1cnc(NC(=O)C2=C(O)c3ccccc3S(=O)(=O)N2C)s1,1
O=C1OC([C@@H](O)CO)C(O)=C1O,0
