smiles,label
NCC(=O)CCC(=O)O,1
C[N+](C)(C)CC(=O)[O-],0
O=C(O)c1ccccc1O,1
NCCCCCC(=O)O,0
NCCc1ccc(O)c(O)c1,0
ClC1C(Cl)C(Cl)C(Cl)C(Cl)C1Cl,0
OCC(O)CO,1
OC1C(O)C(O)C(O)C(O)C1O,0
COc1ccc2[nH]cc(CCNC(C)=O)c2c1,0
O=C(O)c1cccnc1,1
NC(=O)c1cnccn1,1
Cc1ncc(CO)c(CO)c1O,0
Cc1ncc(C[n+]2csc(CCO)c2C)c(N)n1,0
O=C1NC(=O)C(c2ccccc2)(c2ccccc2)N1,1
Oc1cccc2cccnc12,1
CC(=O)Nc1cc([As](=O)(O)O)ccc1O,1
CC(=O)Nc1nnc(S(N)(=O)=O)s1,1
Nc1nc(=O)c2ncn(COCCO)c2[nH]1,1
CCCSc1ccc2nc(NC(=O)OC)[nH]c2c1,1
CC(C)(C)NCC(O)c1ccc(O)c(CO)c1,0
COc1cc2nc(N(C)CCCNC(=O)C3CCCO3)nc(N)c2cc1OC,1
O=c1ncnc2[nH][nH]cc1-2,1
Cc1[nH]cnc1CN1CCc2c(c3ccccc3n2C)C1=O,1
Cc1nnc2n1-c1ccc(Cl)cc1C(c1ccccc1)=NC2,1
NC12CC3CC(CC(C3)C1)C2,0
CC[N+](CC)(CCNC(=O)C(=O)NCC[N+](CC)(CC)Cc1ccccc1Cl)Cc1ccccc1Cl,0
Nc1c(Br)cc(Br)cc1CNC1CCC(O)CC1,1
CC(=O)Nc1c(I)c(NC(C)=O)c(I)c(C(=O)O)c1I,0
NCCCNCCSP(=O)(O)O,0
Nc1ccc(C(=O)NCC(=O)O)cc1,0
Cn1c(=O)c2[nH]cnc2n(C)c1=O,0
CCCCc1oc2ccccc2c1C(=O)c1cc(I)c(OCCN(CC)CC)c(I)c1,1
CCN1CCCC1CNC(=O)c1cc(S(=O)(=O)CC)c(N)cc1OC,1
CN(C)CCC=C1c2ccccc2CCc2ccccc21,1
CCOC(=O)C1=C(COCCN)NC(C)=C(C(=O)OC)C1c1ccccc1Cl,1
CCC1(CCC(C)C)C(=O)NC(=O)NC1=O,0
Clc1ccc2c(c1)C(N1CCNCC1)=Nc1ccccc1O2,0
COc1cc(NS(C)(=O)=O)ccc1Nc1c2ccccc2nc2ccccc12,1
CC(C)(C#N)c1cc(Cn2cncn2)cc(C(C)(C)C#N)c1,1
CC(=O)Oc1ccccc1C(=O)O,1
COc1ccc(CCN2CCC(Nc3nc4ccccc4n3Cc3ccc(F)cc3)CC2)cc1,0
CC(C)NCC(O)COc1ccc(CC(N)=O)cc1,1
Cn1cnc([N+](=O)[O-])c1Sc1ncnc2nc[nH]c12,1
NCC(CC(=O)O)c1ccc(Cl)cc1,1
O=C(O)COc1nn(Cc2ccccc2)c2ccccc12,1
CCc1oc2ccccc2c1C(=O)c1cc(Br)c(O)c(Br)c1,1
CC1(C)SC2C(NC(=O)Cc3ccccc3)C(=O)N2C1C(=O)O,1
CC(C)COCC(CN(Cc1ccccc1)c1ccccc1)N1CCCC1,1
CC(C[N+](C)(C)C)OC(N)=O,0
CC(O)(CS(=O)(=O)c1ccc(F)cc1)C(=O)Nc1ccc(C#N)c(C(F)(F)F)c1,1
CC(=O)Oc1ccc(C(c2ccc(OC(C)=O)cc2)c2ccccn2)cc1,0
CC(C)NCC(O)COc1ccc(COCCOC(C)C)cc1,0
Oc1c(Cl)cc(Cl)cc1Sc1cc(Cl)cc(Cl)c1O,1
O=C1CN=C(c2ccccn2)c2cc(Br)ccc2N1,1
Cc1nnc2n1-c1sc(Br)cc1C(c1ccccc1Cl)=NC2,1
CCCCNc1cc(C(=O)O)cc(S(N)(=O)=O)c1Oc1ccccc1,0
CCCCN1CCCCC1C(=O)Nc1c(C)cccc1C,1
O=C1CC2(CCCC2)CC(=O)N1CCCCN1CCN(c2ncccn2)CC1,0
CS(=O)(=O)OCCCCOS(C)(=O)=O,1
C=CCC1(CC(C)C)C(=O)NC(=O)NC1=O,0
Cn1c(=O)c2c(ncn2C)n(C)c1=O,0
COc1ccc(CCN(C)CCCC(C#N)(c2ccc(OC)c(OC)c2)C(C)C)cc1OC,1
CCOc1nc2cccc(C(=O)O)c2n1Cc1ccc(-c2ccccc2-c2nn[nH]n2)cc1,1
NC(=O)N1c2ccccc2C=Cc2ccccc21,1
CCCC(C)(COC(N)=O)COC(=O)NC(C)C,0
O=NN(CCCl)C(=O)NCCCl,0
Cc1ccc(-c2cc(C(F)(F)F)nn2-c2ccc(S(N)(=O)=O)cc2)cc1,1
CCN(CC)C(=O)Nc1ccc(OCC(O)CNC(C)(C)C)c(C(C)=O)c1,1
O=C(O)COCCN1CCN(C(c2ccccc2)c2ccc(Cl)cc2)CC1,1
O=C(O)CCCc1ccc(N(CCCl)CCCl)cc1,1
CN1CCN(C(c2ccccc2)c2ccc(Cl)cc2)CC1,1
CCN(CC)CCCC(C)Nc1ccnc2cc(Cl)ccc12,1
NS(=O)(=O)c1cc2c(cc1Cl)NC=NS2(=O)=O,1
CN(C)CCCN1c2ccccc2Sc2ccc(Cl)cc21,1
CCCNC(=O)NS(=O)(=O)c1ccc(Cl)cc1,1
O=c1[nH]c2cc(Cl)ccc2o1,1
Cc1cc(C2CCCCC2)n(O)c(=O)c1,0
CN=C(NC#N)NCCSCc1nc[nH]c1C,1
CN(C)CCCC1(c2ccc(F)cc2)OCc2cc(C#N)ccc21,1
CCOC(=O)C(C)(C)Oc1ccc(Cl)cc1,1
CCN(CC)CCOc1ccc(C(=C(Cl)c2ccccc2)c2ccccc2)cc1,1
CN(C)CCCN1c2ccccc2CCc2ccc(Cl)cc21,1
O=C1CN=C(c2ccccc2Cl)c2cc([N+](=O)[O-])ccc2N1,1
Clc1cccc(Cl)c1NC1=NCCN1,0
Clc1ccc(C(OCCN2CCCCC2)c2ccccc2)cc1,1
O=C(O)C1N=C(c2ccccc2)c2cc(Cl)ccc2NC1=O,0
Clc1ccccc1C(c1ccccc1)(c1ccccc1)n1ccnc1,1
CN1CCN(C2=c3ccccc3=Nc3ccc(Cl)cc3N2)CC1,1
COc1cc2c(c(OC)c1OC)-c1ccc(OC)c(=O)cc1C(NC(C)=O)CC2,0
O=C(O)c1cc(=O)c2c(OCC(O)COc3cccc4oc(C(=O)O)cc(=O)c34)cccc2o1,1
CN(C)CCC=C1c2ccccc2C=Cc2ccccc21,1
CC(=O)Oc1ccc(C(=C2CCCCC2)c2ccc(OC(C)=O)cc2)cc1,1
NS(=O)(=O)c1cc2c(cc1Cl)NC(C1CC3C=CC1C3)NS2(=O)=O,1
CN1CCC(=C2c3ccccc3C=Cc3ccccc32)CC1,1
Nc1ccc(S(=O)(=O)c2ccc(N)cc2)cc1,1
CNCCCN1c2ccccc2CCc2ccccc21,0
CC(N)Cc1ccccc1,1
CN1C(=O)CN=C(c2ccccc2)c2cc(Cl)ccc21,0
NS(=O)(=O)c1cc(Cl)c(Cl)c(S(N)(=O)=O)c1,0
CCN(CC)CCOC(=O)C1(C2CCCCC2)CCCCC1,0
CCN(CC)C(=O)N1CCN(C)CC1,1
O=C(O)CN(CCN(CC(=O)O)CC(=O)O)CCN(CC(=O)O)CC(=O)O,0
O=C(O)c1cc(-c2ccc(F)cc2F)ccc1O,1
OCC(S)CS,0
CN(C)CCOC(c1ccccc1)c1ccccc1,0
CC(C)N(CCC(C(N)=O)(c1ccccc1)c1ccccn1)C(C)C,1
CCN(CC)C(=S)SSC(=S)N(CC)CC,1
CCCC(CCC)C(=O)O,1
O=c1[nH]c2ccccc2n1CCCN1CCC(n2c(=O)[nH]c3cc(Cl)ccc32)CC1,1
COc1cc2c(cc1OC)C(=O)C(CC1CCN(Cc3ccccc3)CC1)C2,1
COc1cc2nc(N3CCN(C(=O)C4COc5ccccc5O4)CC3)nc(N)c2cc1OC,0
CN(C)CCOC(C)(c1ccccc1)c1ccccn1,0
O=C(CCCN1CC=C(n2c(=O)[nH]c3ccccc32)CC1)c1ccc(F)cc1,0
Cn1c(=O)c2c(ncn2CC(O)CO)n(C)c1=O,0
CC(C)(C)c1ccc(C(=O)CCCN2CCC(OC(c3ccccc3)c3ccccc3)CC2)cc1,1
Clc1ccc(COC(Cn2ccnc2)c2ccc(Cl)cc2Cl)cc1,0
FC(F)OC(F)(F)C(F)Cl,1
NC1=NCC2c3ccccc3Cc3ccccc3N12,1
Clc1ccc2c(c1)C(c1ccccc1)=NCc1nncn1-2,0
C=C(CC)C(=O)c1ccc(OCC(=O)O)c(Cl)c1Cl,0
CC(O)(P(=O)(O)O)P(=O)(O)O,0
CCc1cc2c(s1)-n1c(C)nnc1CN=C2c1ccccc1Cl,1
CCc1cccc2c3c([nH]c12)C(CC)(CC(=O)O)OCC3,1
CCOC(=O)C=C(C)C=CC=C(C)C=Cc1c(C)cc(OC)c(C)c1C,1
NC(N)=Nc1nc(CSCCC(N)=NS(N)(=O)=O)cs1,1
NC(=O)OCC(COC(N)=O)c1ccccc1,1
CCOC(=O)C1=C(C)NC(C)=C(C(=O)OC)C1c1cccc(Cl)c1Cl,1
CC(C)OC(=O)C(C)(C)Oc1ccc(C(=O)c2ccc(Cl)cc2)cc1,1
Oc1ccc(C2CNCCc3c2cc(O)c(O)c3Cl)cc1,0
CC(C(=O)O)c1cccc(Oc2ccccc2)c1,1
CC(Cc1ccc(O)cc1)NCC(O)c1cc(O)cc(O)c1,1
CCC(=O)N(c1ccccc1)C1CCN(CCc2ccccc2)CC1,0
CC(C)(C(=O)O)c1ccc(C(O)CCCN2CCC(C(O)(c3ccccc3)c3ccccc3)CC2)cc1,0
O=C(COc1ccc(Cl)cc1)N1CCN(Cc2ccc3c(c2)OCO3)CC1,1
Cc1c(-c2ccccc2)oc2c(C(=O)OCCN3CCCCC3)cccc2c1=O,0
O=C(NCC1CCCCN1)c1cc(OCC(F)(F)F)ccc1OCC(F)(F)F,1
OC(Cn1cncn1)(Cn1cncn1)c1ccc(F)cc1F,1
Nc1[nH]c(=O)ncc1F,0
OCCN1CCN(CCCN2c3ccccc3Sc3ccc(C(F)(F)F)cc32)CC1,0
CCOC(=O)c1ncn2c1CN(C)C(=O)c1cc(F)ccc1-2,0
CN1C(=O)CN=C(c2ccccc2F)c2cc([N+](=O)[O-])ccc21,1
O=c1[nH]cc(F)c(=O)[nH]1,1
CNCCC(Oc1ccc(C(F)(F)F)cc1)c1ccccc1,1
CCN(CC)CCN1C(=O)CN=C(c2ccccc2F)c2cc(Cl)ccc21,1
O=C1NCN(c2ccccc2)C12CCN(CCCC(c1ccc(F)cc1)c1ccc(F)cc1)CC2,1
CC(C)C(=O)Nc1ccc([N+](=O)[O-])c(C(F)(F)F)c1,1
COCCCCC(=NOCCN)c1ccc(C(F)(F)F)cc1,0
O=C1OCCN1N=Cc1ccc([N+](=O)[O-])o1,1
NS(=O)(=O)c1cc(C(=O)O)c(NCc2ccco2)cc1Cl,0
NCC1(CC(=O)O)CCCCC1,1
O=C(OCC(O)CO)c1ccccc1Nc1ccnc2cc(Cl)ccc12,1
Cc1ccc(S(=O)(=O)NC(=O)NN2CC3CCCC3C2)cc1,1
CCC1=C(C)CN(C(=O)NCCc2ccc(S(=O)(=O)NC(=O)NC3CCC(C)CC3)cc2)C1=O,1
Cc1cnc(C(=O)NCCc2ccc(S(=O)(=O)NC(=O)NC3CCCCC3)cc2)cn1,1
CCC1(c2ccccc2)CCC(=O)NC1=O,1
COc1ccc(Cl)cc1C(=O)NCCc1ccc(S(=O)(=O)NC(=O)NC2CCCCC2)cc1,1
COc1ccccc1OCC(O)CO,0
NC(N)=NCCN1CCCCCCC1,0
O=C(CCCN1CCC(O)(c2ccc(Cl)cc2)CC1)c1ccc(F)cc1,1
FC(F)(F)C(Cl)Br,1
Oc1c(Cl)cc(Cl)c(Cl)c1Cc1c(O)c(Cl)cc(Cl)c1Cl,1
CN1C2CCC1CC(OC(=O)C(O)c1ccccc1)C2,0
CCN(CC)CCNc1ccc(CO)c2sc3ccccc3c(=O)c12,1
NNc1nncc2ccccc12,1
NS(=O)(=O)c1cc2c(cc1Cl)NCNS2(=O)=O,1
CCN(CCO)CCCC(C)Nc1ccnc2cc(Cl)ccc12,1
NC(=O)NO,1
CC(C)C(=O)c1c(C(C)C)nn2ccccc12,1
CC(C)Cc1ccc(C(C)C(=O)O)cc1,1
O=P1(NCCCl)OCCCN1CCCl,1
CC1Cc2ccccc2N1NC(=O)c1ccc(Cl)c(S(N)(=O)=O)c1,0
COc1ccc2c(c1)c(CC(=O)O)c(C)n2C(=O)c1ccc(Cl)cc1,1
O=C(NCC(O)CO)c1c(I)c(C(=O)NCC(O)CO)c(I)c(N(CCO)C(=O)CO)c1I,0
CCCCC1=NC2(CCCC2)C(=O)N1Cc1ccc(-c2ccccc2-c2nn[nH]n2)cc1,1
NNC(=O)c1ccncc1,1
CC(C)NCC(O)c1ccc(O)c(O)c1,0
COC(=O)C1=C(C)NC(C)=C(C(=O)OC(C)C)C1c1cccc2nonc12,1
CNC1(c2ccccc2Cl)CCCCC1=O,1
CC(=O)N1CCN(c2ccc(OCC3COC(Cn4ccnc4)(c4ccc(Cl)cc4Cl)O3)cc2)CC1,1
CN1CCC(=C2c3ccccc3CC(=O)c3sccc32)CC1,0
CC(CCc1ccccc1)NCC(O)c1ccc(O)c(C(N)=O)c1,1
Nc1nnc(-c2cccc(Cl)c2Cl)c(N)n1,1
Cc1c(OCC(F)(F)F)ccnc1CS(=O)c1nc2ccccc2[nH]1,1
Cc1oncc1C(=O)Nc1ccc(C(F)(F)F)cc1,1
CCn1cc(C(=O)O)c(=O)c2cc(F)c(N3CCNC(C)C3)c(F)c21,0
O=NN(CCCl)C(=O)NC1CCCCC1,1
CN(C)C(=O)C(CCN1CCC(O)(c2ccc(Cl)cc2)CC1)(c1ccccc1)c1ccccc1,0
CCOC(=O)N1CCC(=C2c3ccc(Cl)cc3CCc3cccnc32)CC1,0
CCCCc1nc(Cl)c(CO)n1Cc1ccc(-c2ccccc2-c2nn[nH]n2)cc1,1
CN1CCN(C2=Nc3ccccc3Oc3ccc(Cl)cc32)CC1,0
CC(C(=O)O)c1ccc(CC2CCCC2=O)cc1,1
COC(=O)C1=C(C)NC(C)=C(C(=O)OCCN2CCN(C(c3ccccc3)c3ccccc3)CC2)C1c1cccc([N+](=O)[O-])c1,1
OC1(c2ccc(Cl)cc2)c2ccccc2C2=NCCN21,1
CC1=NN(c2ccccc2)C(=O)C1,1
COC(=O)Nc1nc2ccc(C(=O)c3ccccc3)cc2[nH]1,1
CNC1(C)C2CCC(C2)C1(C)C,0
CN(CCCl)CCCl,0
Cc1cccc(CN2CCN(C(c3ccccc3)c3ccc(Cl)cc3)CC2)c1,0
Cc1cccc(Nc2ccccc2C(=O)O)c1C,1
OC(c1cc(C(F)(F)F)nc2c(C(F)(F)F)cccc12)C1CCCCN1,1
CC12CC3CC(C)(C1)CC(N)(C3)C2,1
CCOC(=O)C1(c2ccccc2)CCN(C)CC1,0
Cc1cccc(C)c1NC(=O)C1CCCCN1C,0
CCCC(C)(COC(N)=O)COC(N)=O,0
c1ccc2c(c1)Sc1ccccc1N2CC1CN2CCC1CC2,1
Nc1ccc(O)c(C(=O)O)c1,1
CC(=O)N=c1sc(S(N)(=O)=O)nn1C,1
COc1ccccc1OCC(O)COC(N)=O,0
COC(F)(F)C(Cl)Cl,1
COC(=O)C(c1ccccc1)C1CCCCN1,1
Cc1ccccc1N1C(=O)c2cc(S(N)(=O)=O)c(Cl)cc2NC1C,0
Cc1ncc([N+](=O)[O-])n1CCO,1
CC(C)(C(=O)c1cccnc1)c1cccnc1,0
Cc1cccc(C)c1OCC(C)N,1
Clc1ccc(COC(Cn2ccnc2)c2ccc(Cl)cc2Cl)c(Cl)c1,0
Cc1ncc2n1-c1ccc(Cl)cc1C(c1ccccc1F)=NC2,0
COc1ccc(OC)c(C(O)CNC(=O)CN)c1,0
N=c1nc(N2CCCCC2)cc(N)n1O,0
CN1CCN2c3ncccc3Cc3ccccc3C2C1,1
Clc1ccc(C(c2ccccc2Cl)C(Cl)Cl)cc1,0
NC(=O)CS(=O)C(c1ccccc1)c1ccccc1,1
CC(=O)Oc1cc(C(C)C)c(OCCN(C)C)cc1C,1
COc1ccc2cc(CCC(C)=O)ccc2c1,0
N=C(N)c1ccc2cc(OC(=O)c3ccc(N=C(N)N)cc3)ccc2c1,1
CNS(=O)(=O)CCc1ccc2[nH]cc(C3CCN(C)CC3)c2c1,0
CN1CCOC(c2ccccc2)c2ccccc2C1,1
Cc1ccnc2c1NC(=O)c1cccnc1N2C1CC1,1
O=C(CCNNC(=O)c1ccncc1)NCc1ccccc1,1
COC(=O)C1=C(C)NC(C)=C(C(=O)OC)C1c1ccccc1[N+](=O)[O-],1
CS(=O)(=O)Nc1ccc([N+](=O)[O-])cc1Oc1ccccc1,1
COCCOC(=O)C1=C(C)NC(C)=C(C(=O)OC(C)C)C1c1cccc([N+](=O)[O-])c1,0
COC(=O)C1=C(C)NC(C)=C(C(=O)OCC(C)C)C1c1ccccc1[N+](=O)[O-],0
O=C1CN=C(c2ccccc2)c2cc([N+](=O)[O-])ccc2N1,1
CCOC(=O)C1=C(C)NC(C)=C(C(=O)OC)C1c1cccc([N+](=O)[O-])c1,1
O=[N+]([O-])OCC(CO[N+](=O)[O-])O[N+](=O)[O-],0
CCn1cc(C(=O)O)c(=O)c2cc(F)c(N3CCNCC3)cc21,1
C#CC1(O)CCC2C3CCC4=CC(=O)CCC4C3CCC21CC,1
CNCCC=C1c2ccccc2CCc2ccccc21,1
CC1COc2c(N3CCN(C)CC3)c(F)cc3c(=O)c(C(=O)O)cn1c23,1
Cc1cc2c(s1)=Nc1ccccc1NC=2N1CCN(C)CC1,1
COc1ccc2nc(S(=O)Cc3ncc(C)c(OC)c3C)[nH]c2c1,1
Cc1ccccc1C(OCCN(C)C)c1ccccc1,0
O=C(O)CCc1nc(-c2ccccc2)c(-c2ccccc2)o1,1
O=C1Nc2ccc(Cl)cc2C(c2ccccc2)=NC1O,0
CCN(CC)CC#CCOC(=O)C(O)(c1ccccc1)C1CCCCC1,0
CCCCC1C(=O)N(c2ccccc2)N(c2ccc(O)cc2)C1=O,1
Nc1ccc(C(=O)O)c(O)c1,1
COc1ccnc(CS(=O)c2nc3ccc(OC(F)F)cc3[nH]2)c1OC,1
COc1ccc(Cc2nccc3cc(OC)c(OC)cc23)cc1OC,1
NC1=NC(=O)C(c2ccccc2)O1,1
C1CCC(C(CC2CCCCN2)C2CCCCC2)CC1,1
OCCN1CCN(CCCN2c3ccccc3Sc3ccc(Cl)cc32)CC1,1
CCOc1ccc(NC(C)=O)cc1,1
CCC1(c2ccccc2)C(=O)NC(=O)NC1=O,1
CC(COc1ccccc1)N(CCCl)Cc1ccccc1,0
CCCCC1C(=O)N(c2ccccc2)N(c2ccccc2)C1=O,1
COc1nc(C)nc(Cl)c1NC1=NCCN1,1
CCc1ccc(CCOc2ccc(CC3SC(=O)NC3=O)cc2)nc1,1
O=C(CCBr)N1CCN(C(=O)CCBr)CC1,1
NC(=O)CN1CCCC1=O,1
COc1cc(NC(C)CCCN)c2ncccc2c1,0
CCC1(c2ccccc2)C(=O)NCNC1=O,0
CCCN(CCC)S(=O)(=O)c1ccc(C(=O)O)cc1,0
CC(C)(Sc1cc(C(C)(C)C)c(O)c(C(C)(C)C)c1)Sc1cc(C(C)(C)C)c(O)c(C(C)(C)C)c1,0
CCN(CC)CCNC(=O)c1ccc(N)cc1,1
CNNCc1ccc(C(=O)NC(C)C)cc1,1
OC(CCN1CCCC1)(c1ccccc1)C1CCCCC1,0
CC(C)N=C(N)N=C(N)Nc1ccc(Cl)cc1,0
CC(CN1c2ccccc2Sc2ccccc21)N(C)C,1
CC(C)[N+](C)(CCOC(=O)C1c2ccccc2Oc2ccccc21)C(C)C,0
CC(C)c1cccc(C(C)C)c1O,1
CC(C)NCC(O)COc1cccc2ccccc12,0
CCc1nc(N)nc(N)c1-c1ccc(Cl)cc1,1
Fc1ccccc1C1=NCC(=S)N(CC(F)(F)F)c2ccc(Cl)cc21,0
COCCCOc1ccnc(CS(=O)c2nc3ccccc3[nH]2)c1C,1
O=C(NC(Cc1cc(=O)[nH]c2ccccc12)C(=O)O)c1ccc(Cl)cc1,1
Nc1nc2ccc(OC(F)(F)F)cc2s1,1
CC(N)C12CC3CC(CC(C3)C1)C2,0
Cc1nc2n(c(=O)c1CCN1CCC(c3noc4cc(F)ccc34)CC1)CCCC2,1
CN(C)CCc1c[nH]c2ccc(Cn3cncn3)cc12,0
CCCN(CCC)CCc1cccc2c1CC(=O)N2,1
OCc1cc(C(O)CNCCCCCCOCCCCc2ccccc2)ccc1O,0
COc1cccc(CCc2ccccc2OCC(CN(C)C)OC(=O)CCC(=O)O)c1,1
O=C(Oc1ccccc1C(=O)O)c1ccccc1O,1
C=CCC1(C(C)CCC)C(=O)NC(=O)NC1=O,0
O=C(O)c1cc(O)c2c(c1)C(C1c3cc(C(=O)O)cc(O)c3C(=O)c3c(OC4OC(CO)C(O)C(O)C4O)cccc31)c1cccc(OC3OC(CO)C(O)C(O)C3O)c1C2=O,1
CC(C)CC(N(C)C)C1(c2ccc(Cl)cc2)CCC1,1
CCCc1nn(C)c2c(=O)nc(-c3cc(S(=O)(=O)N4CCN(C)CC4)ccc3OCC)[nH]c12,1
Nc1ccc(S(=O)(=O)Nc2ncccn2)cc1,1
O=P(O)(O)C(O)(Cc1cccnc1)P(=O)(O)O,0
CC(C)NCC(O)c1ccc(NS(C)(=O)=O)cc1,0
Cc1ccc(NC(=O)c2ccc(CN3CCN(C)CC3)cc2)cc1Nc1nccc(-c2cccnc2)n1,1
O=C(CCCCCCC(=O)Nc1ccccc1)NO,0
C[N+](C)(C)CCOC(=O)CCC(=O)OCC[N+](C)(C)C,0
Nc1ccc(S(=O)(=O)NC(=O)c2ccccc2)cc1,0
Cc1nnc(NS(=O)(=O)c2ccc(N)cc2)s1,1
Cc1cc(NS(=O)(=O)c2ccc(N)cc2)no1,1
Nc1ccc(S(N)(=O)=O)cc1,1
CNS(=O)(=O)Cc1ccc2[nH]cc(CCN(C)C)c2c1,0
CN1C(=O)C(O)N=C(c2ccccc2)c2cc(Cl)ccc21,0
COc1cc2nc(N3CCN(C(=O)C4CCCO4)CC3)nc(N)c2cc1OC,0
CC(C)(C)NCC(O)c1cc(O)cc(O)c1,1
CC(C)(C)c1ccc(C(O)CCCN2CCC(C(O)(c3ccccc3)c3ccccc3)CC2)cc1,0
CCCCNc1ccc(C(=O)OCCN(C)C)cc1,0
Cn1cnc2c1c(=O)[nH]c(=O)n2C,1
CSc1ccc2c(c1)N(CCC1CCCCN1C)c1ccccc1S2,1
Clc1ccccc1CN1CCc2sccc2C1,1
CCS(=O)(=O)CCn1c([N+](=O)[O-])cnc1C,1
Clc1ccc2nsnc2c1NC1=NCCN1,1
Cc1ccc(S(=O)(=O)NC(=O)NN2CCCCCC2)cc1,1
CCCCNC(=O)NS(=O)(=O)c1ccc(C)cc1,0
Cc1ccc(C(=O)c2ccc(CC(=O)O)n2C)cc1,1
NC1CC1c1ccccc1,1
O=c1n(CCCN2CCN(c3cccc(Cl)c3)CC2)nc2ccccn12,1
Cc1nnc2n1-c1ccc(Cl)cc1C(c1ccccc1Cl)=NC2,0
CN1CCN(CCCN2c3ccccc3Sc3ccc(C(F)(F)F)cc32)CC1,0
CCC(COC(=O)c1cc(OC)c(OC)c(OC)c1)(c1ccccc1)N(C)C,1
CC(CN(C)C)CN1c2ccccc2Sc2ccccc21,1
COc1cc(C(=O)NCc2ccc(OCCN(C)C)cc2)cc(OC)c1OC,0
COc1cc(Cc2cnc(N)nc2N)cc(OC)c1OC,1
CN(C)CCN(Cc1ccccc1)c1ccccn1,1
Cc1c(C)c2c(c(C)c1O)CCC(C)(COc1ccc(CC3SC(=O)NC3=O)cc1)O2,1
CC(C)Nc1cccnc1N1CCN(C(=O)c2cc3cc(NS(C)(=O)=O)ccc3[nH]2)CC1,0
COc1ccc(C(CN(C)C)C2(O)CCCCC2)cc1,1
Cc1cc(C(C)(C)C)cc(C)c1CC1=NCCN1,1
CCN(C(C)=O)c1cccc(-c2ccnc3c(C#N)cnn23)c1,0
CC(C(=O)O)c1ccc2c(c1)CC(=O)c1ccccc1S2,1
Cc1ccc(-c2nc3ccc(C)cn3c2CC(=O)N(C)C)cc1,0
Cc1cc(CC(=O)O)n(C)c1C(=O)c1ccc(Cl)cc1,0
NS(=O)(=O)Cc1noc2ccccc12,1
CN1CCN(C(=O)OC2c3nccnc3C(=O)N2c2ccc(Cl)cn2)CC1,1
CC(=O)OCC(=O)[C@@]1(O)CC[C@H]2[C@@H]3CCC4=CC(=O)CC[C@]4(C)[C@H]3C(=O)C[C@@]21C,0
CO[C@@]12[C@H](COC(N)=O)C3=C(C(=O)C(C)=C(N)C3=O)N1C[C@@H]1N[C@@H]12,1
CC[N+](C)(CC)CCOC(=O)C(O)(c1ccccc1)C1CCCCC1,0
C[C@]12C[C@H](O)[C@H]3[C@@H](CCC4=CC(=O)CC[C@@]43C)[C@@H]1CC[C@]2(O)C(=O)CO,0
C[C@]12C[C@H](O)[C@H]3[C@@H](CCC4=CC(=O)C=C[C@@]43C)[C@@H]1CC[C@]2(O)C(=O)CO,1
C[C@]12CC[C@@H]3c4ccc(O)cc4CC[C@H]3[C@@H]1CC[C@@H]2O,1
COC(=O)[C@H]1[C@H]2C[C@@H]3c4[nH]c5cc(OC)ccc5c4CCN3C[C@H]2C[C@@H](OC(=O)c2cc(OC)c(OC)c(OC)c2)[C@@H]1OC,0
Cc1ccc(N(CC2=NCCN2)c2cccc(O)c2)cc1,0
OC[C@H](O)[C@@H](O)[C@H](O)[C@H](O)CO,0
CNC[C@H](O)c1ccc(O)c(O)c1,0
C[C@H](N)Cc1ccccc1,0
C#C[C@]1(OC(C)=O)CC[C@H]2[C@@H]3CCC4=CC(=O)CC[C@@H]4[C@H]3CC[C@@]21C,0
CC(C)(S)[C@@H](N)C(=O)O,1
C[C@]12CC(=O)[C@H]3[C@@H](CCC4=CC(=O)C=C[C@@]43C)[C@@H]1CC[C@]2(O)C(=O)CO,1
C[C@]12COC(=O)C[C@@H]1CC[C@@H]1[C@@H]2CC[C@@]2(C)[C@H]1CC[C@]2(C)O,1
C[C@]12CC[C@H]3[C@@H](CC=C4C[C@@H](O)CC[C@@]43C)[C@@H]1CCC2=O,1
CC1(C)S[C@@H]2[C@H](NC(=O)Cc3ccccc3)C(=O)N2[C@H]1C(=O)O,1
O=c1[nH]c(=O)n([C@H]2C[C@H](O)[C@@H](CO)O2)cc1I,1
N[C@@H](Cc1cc(I)c(Oc2ccc(O)c(I)c2)c(I)c1)C(=O)O,0
O=C(N[C@H](CO)[C@H](O)c1ccc([N+](=O)[O-])cc1)C(Cl)Cl,0
CN(CCCCCCCCCCN(C)C(=O)Oc1cccc([N+](C)(C)C)c1)C(=O)Oc1cccc([N+](C)(C)C)c1,1
CC[C@]1(O)C[C@H]2CN(CCc3c([nH]c4ccccc34)[C@@](C(=O)OC)(c3cc4c(cc3OC)N(C=O)[C@H]3[C@@](O)(C(=O)OC)[C@H](OC(C)=O)[C@]5(CC)C=CCN6CC[C@]43[C@@H]65)C2)C1,1
CNC(=O)Oc1ccc2c(c1)[C@]1(C)CCN(C)[C@@H]1N2C,0
C#C[C@]1(O)CC[C@H]2[C@@H]3CCc4cc(O)ccc4[C@H]3CC[C@@]21C,1
CC(=O)[C@H]1CC[C@H]2[C@@H]3CCC4=CC(=O)CC[C@]4(C)[C@H]3CC[C@]12C,1
C[C@]12CC[C@H]3[C@@H](CCC4=CC(=O)CC[C@@]43C)[C@@H]1CC[C@@H]2O,1
NC[C@H]1O[C@H](O[C@@H]2[C@@H](N)C[C@@H](N)[C@H](O[C@H]3O[C@H](CO)[C@@H](O)[C@H](N)[C@H]3O)[C@H]2O)[C@H](O)[C@@H](O)[C@@H]1O,0
Nc1nc(=O)c2nc(CNc3ccc(C(=O)N[C@@H](CCC(=O)O)C(=O)O)cc3)cnc2[nH]1,0
CNC[C@H](O)c1cccc(O)c1,1
N[C@@H](Cc1ccc(O)c(O)c1)C(=O)O,0
COc1cccc(OC)c1C(=O)N[C@@H]1C(=O)N2[C@@H](C(=O)O)C(C)(C)S[C@H]12,1
Cc1onc(-c2ccccc2Cl)c1C(=O)N[C@@H]1C(=O)N2[C@@H](C(=O)O)C(C)(C)S[C@H]12,1
CSCC[C@H](N)C(=O)O,0
CC[N+](CC)(CC)CCOc1cccc(OCC[N+](CC)(CC)CC)c1OCC[N+](CC)(CC)CC.[I-].[I-].[I-],0
O=c1[nH]cc(N(CCCl)CCCl)c(=O)[nH]1,1
Cc1onc(-c2ccccc2)c1C(=O)N[C@@H]1C(=O)N2[C@@H](C(=O)O)C(C)(C)S[C@H]12,1
CCc1oc2ccccc2c1C(=O)c1cc(I)c(O)c(I)c1,1
CC1(C)S[C@@H]2[C@H](NC(=O)[C@H](N)c3ccccc3)C(=O)N2[C@H]1C(=O)O,1
OC[C@@H](O)[C@@H](O)[C@H](O)[C@H](O)CO,0
Nc1ccn([C@@H]2O[C@H](CO)[C@@H](O)[C@@H]2O)c(=O)n1,1
NC(N)=NCCC[C@H](N)C(=O)O,0
CN1C(=O)CC(C)(c2ccccc2)C1=O,0
C[C@H]1C[C@H]2[C@@H]3CC[C@](O)(C(=O)CO)[C@@]3(C)C[C@H](O)[C@@H]2[C@@]2(C)C=CC(=O)C=C12,1
NC(=O)C1CCN(CCCN2c3ccccc3Sc3ccc(Cl)cc32)CC1,1
CN(C)CCC(c1ccc(Br)cc1)c1ccccn1,0
O=[N+]([O-])O[C@H]1CO[C@H]2[C@@H]1OC[C@H]2O[N+](=O)[O-],0
CN[C@@H](C)[C@@H](O)c1ccccc1,0
CCN(CC)C(C)C(=O)c1ccccc1,0
c1ccc2c(c1)Nc1ccccc1S2,1
CCCCNc1ccc(C(=O)OCCOCCOCCOCCOCCOCCOCCOCCOCCOC)cc1,1
CN1C[C@H](C(=O)N[C@]2(C)O[C@@]3(O)[C@@H]4CCCN4C(=O)[C@H](Cc4ccccc4)N3C2=O)C=C2c3cccc4[nH]cc(c34)C[C@H]21,0
CC[C@@H](CO)NC(=O)[C@@H]1C=C2c3cccc4[nH]cc(c34)C[C@H]2N(C)C1,0
CCC1(c2ccccc2)C(=O)NC(=O)N(C)C1=O,1
O=C(O)c1cc(-c2ccccc2)nc2ccccc12,1
CN(C)CCN(Cc1cccs1)c1ccccn1.Cl,1
CCOC(=O)C1(c2ccccc2)CCN(CCc2ccc(N)cc2)CC1,0
CC(=O)[C@H]1CC[C@H]2[C@@H]3C=CC4=CC(=O)CC[C@@]4(C)[C@@H]3CC[C@]12C,1
C#C[C@]1(OC(C)=O)CC[C@H]2[C@@H]3CCC4=C[C@@H](OC(C)=O)CC[C@@H]4[C@H]3CC[C@@]21C,1
CC(=O)O[C@]1(C(C)=O)CC[C@H]2[C@@H]3C=C(Cl)C4=CC(=O)CC[C@]4(C)[C@H]3CC[C@@]21C,1
Cn1c(=O)c2[nH]cnc2n(C)c1=O.Cn1c(=O)c2[nH]cnc2n(C)c1=O.NCCN,0
Nc1ncn([C@@H]2O[C@H](CO)[C@@H](O)[C@H]2O)c(=O)n1,0
COc1ccc2c3c1O[C@H]1C[C@@H](O)C=C[C@@]31CCN(C)C2,0
CCCCCCCCCC(=O)O[C@H]1CC[C@H]2[C@@H]3CCC4=CC(=O)CC[C@@H]4[C@H]3CC[C@]12C,1
C[C@]12CC[C@@H]3[C@H]4CCC(=O)C=C4CC[C@H]3[C@@H]1CC[C@@H]2O,1
CCC(=O)O[C@](Cc1ccccc1)(c1ccccc1)[C@H](C)CN(C)C,1
CN1C[C@H](C(=O)N[C@]2(C)O[C@@]3(O)[C@@H]4CCCN4C(=O)[C@H](Cc4ccccc4)N3C2=O)C[C@@H]2c3cccc4[nH]cc(c34)C[C@H]21,0
C[C@]12CC[C@H]3[C@@H](CC[C@H]4CC(=O)CC[C@@]43C)[C@@H]1CC[C@@H]2O,1
C[N+](C)(C)C[C@H](O)CC(=O)[O-],0
CCCCC(CC)COC(=O)CC(C(=O)OCC(CC)CCCC)S(=O)(=O)O,0
CC(=O)N[C@@H](CS)C(=O)O,0
CC[C@H]1OC(=O)[C@H](C)[C@@H](O[C@H]2C[C@@](C)(OC)[C@@H](O)[C@H](C)O2)[C@H](C)[C@@H](O[C@@H]2O[C@H](C)C[C@H](N(C)C)[C@H]2O)[C@](C)(O)C[C@@H](C)C(=O)[C@H](C)[C@@H](O)[C@]1(C)O,1
O[C@H]1CO[C@@H]2[C@H](O)CO[C@H]12,1
C#C[C@]1(O)CC[C@H]2[C@@H]3CCC4=CC(=O)CC[C@@H]4[C@H]3CC[C@@]21CC,0
CN1C(=O)C(O)N=C(c2ccccc2Cl)c2cc(Cl)ccc21,1
CC[C@]1(O)C[C@@H]2CN(CCc3c([nH]c4ccccc34)[C@@](C(=O)OC)(c3cc4c(cc3OC)N(C)[C@H]3[C@@](O)(C(=O)OC)[C@H](OC(C)=O)[C@]5(CC)C=CCN6CC[C@]43[C@@H]65)C2)C1,0
CCOC(=O)C1(c2ccccc2)CCN(CCC(C#N)(c2ccccc2)c2ccccc2)CC1,0
C[N+](C)(C)CCOP(=O)([O-])OP(=O)(O)OC[C@H]1O[C@@H](n2ccc(N)nc2=O)[C@H](O)[C@@H]1O,0
CC[C@@H](CO)NCCN[C@@H](CC)CO,1
CC1(C)[C@@H](O[C@H]2O[C@H](C(=O)O)[C@@H](O)[C@H](O)[C@H]2O[C@@H]2O[C@H](C(=O)O)[C@@H](O)[C@H](O)[C@H]2O)CC[C@@]2(C)[C@H]1CC[C@]1(C)[C@@H]2C(=O)C=C2[C@@H]3C[C@@](C)(C(=O)O)CC[C@]3(C)CC[C@]21C,1
Cc1c(C)c2c(c(C)c1O)CC[C@@](C)(CCC[C@H](C)CCC[C@H](C)CCCC(C)C)O2,0
CC(C)Cc1ccc(CC(=O)O)cc1,1
Cc1cc(C)cc(OCC2CNC(=O)O2)c1,1
O=c1[nH]c2ccccc2n1C1CCN(CCCC(c2ccc(F)cc2)c2ccc(F)cc2)CC1,0
O=C1OC2(c3ccc(O)cc3Oc3cc(O)ccc32)c2ccccc21,0
CN(C)CC[C@@H](c1ccc(Br)cc1)c1ccccn1,0
Cc1onc(-c2c(Cl)cccc2Cl)c1C(=O)N[C@@H]1C(=O)N2[C@@H](C(=O)O)C(C)(C)S[C@H]12,1
CC(=O)c1ccc2c(c1)N(CCCN1CCC(CCO)CC1)c1ccccc1S2,1
CN1CCC(=C2c3ccccc3CCc3cccnc32)CC1,1
Nc1nc(Cl)nc2c1ncn2[C@H]1C[C@H](O)[C@@H](CO)O1,0
Cc1onc(-c2c(F)cccc2Cl)c1C(=O)N[C@@H]1C(=O)N2[C@@H](C(=O)O)C(C)(C)S[C@H]12,1
CCC(=O)OCC(=O)[C@@]1(OC(=O)CC)[C@@H](C)C[C@H]2[C@@H]3CCC4=CC(=O)C=C[C@]4(C)[C@@]3(Cl)[C@@H](O)C[C@@]21C,0
Nc1ncnc2c1ncn2[C@@H]1O[C@H](CO)[C@@H](O)[C@@H]1O,0
CCc1c(C)[nH]c2c1C(=O)C(CN1CCOCC1)CC2,1
Nc1ccn([C@H]2CC[C@@H](CO)O2)c(=O)n1,0
CN1C(=O)CN=C(C2=CCCCC2)c2cc(Cl)ccc21,1
C[C@]12Cc3cn[nH]c3C[C@@H]1CC[C@@H]1[C@@H]2CC[C@@]2(C)[C@H]1CC[C@]2(C)O,1
CC(=O)Oc1cccc2c1C(=O)c1c(OC(C)=O)cc(C(=O)O)cc1C2=O,1
C#CCN(C)[C@H](C)Cc1ccccc1,0
c1ccc([C@H]2CN3CCSC3=N2)cc1,0
CN1CCC[C@@H]1CCO[C@](C)(c1ccccc1)c1ccc(Cl)cc1,0
CC1=C(C(=O)O)N2C(=O)[C@@H](NC(=O)[C@H](N)c3ccccc3)[C@H]2SC1,1
C#C[C@]1(O)CC[C@H]2[C@@H]3CCC4=Cc5oncc5C[C@]4(C)[C@H]3CC[C@@]21C,1
CC(=O)Oc1ccc(C2(c3ccc(OC(C)=O)cc3)C(=O)N(C(C)=O)c3ccccc32)cc1,1
COc1cccc2c1C(=O)c1c(O)c3c(c(O)c1C2=O)C[C@@](O)(C(C)=O)C[C@@H]3O[C@H]1C[C@H](N)[C@H](O)[C@H](C)O1,0
CC(=O)OCC1=C(C(=O)O)N2C(=O)[C@@H](NC(=O)CSc3ccncc3)[C@H]2SC1,0
CC(C)C[C@H]1C(=O)N2CCC[C@H]2[C@]2(O)O[C@](NC(=O)[C@@H]3C=C4c5cccc6[nH]c(Br)c(c56)C[C@H]4N(C)C3)(C(C)C)C(=O)N12,1
C[C@]12C[C@H](O)[C@@]3(F)[C@@H](CCC4=CC(=O)CC[C@@]43C)[C@@H]1CC[C@]2(O)C(=O)CO,0
COc1ccc2c(C(=O)c3ccc(Cl)cc3)c(C)n(CC(=O)O)c2c1,1
Cc1nnc(SCC2=C(C(=O)O)N3C(=O)[C@@H](NC(=O)Cn4cnnn4)[C@H]3SC2)s1,1
CC1(C)S[C@@H]2[C@H](NC(=O)[C@H](N)c3ccc(O)cc3)C(=O)N2[C@H]1C(=O)O,1
COc1cccc([C@@]2(O)CCCC[C@@H]2CN(C)C)c1,0
C[C@@](Cc1ccc(O)c(O)c1)(NN)C(=O)O,0
Cc1ccc(C(=O)Oc2ccc(C(O)CNC(C)(C)C)cc2OC(=O)c2ccc(C)cc2)cc1,0
Cc1cn([C@H]2C[C@H](N=[N+]=[N-])[C@@H](CO)O2)c(=O)[nH]c1=O,1
NC[C@H]1O[C@H](O[C@@H]2[C@@H](N)C[C@@H](N)[C@H](O[C@H]3O[C@H](CO)[C@@H](O)[C@H](N)[C@H]3O)[C@H]2O)[C@H](N)C[C@@H]1O,1
CC(=O)O[C@H]1C(=O)[C@]2(C)[C@@H](O)C[C@H]3OC[C@@]3(OC(C)=O)[C@H]2[C@H](OC(=O)c2ccccc2)[C@]2(O)C[C@H](OC(=O)[C@H](O)[C@@H](NC(=O)c3ccccc3)c3ccccc3)C(C)=C1C2(C)C,1
COc1cc([C@@H]2c3cc4c(cc3[C@@H](O[C@@H]3O[C@@H]5CO[C@@H](C)O[C@H]5[C@H](O)[C@H]3O)[C@H]3COC(=O)[C@H]23)OCO4)cc(OC)c1O,1
CC1(C)S[C@@H]2[C@H](NC(=O)[C@H](C(=O)O)c3ccsc3)C(=O)N2[C@H]1C(=O)O,0
NC(=O)c1ncn([C@@H]2O[C@H](CO)[C@@H](O)[C@H]2O)n1,0
NCC[C@H](O)C(=O)N[C@@H]1C[C@H](N)[C@@H](O[C@H]2O[C@H](CN)[C@@H](O)[C@H](O)[C@H]2O)[C@H](O)[C@H]1O[C@H]1O[C@H](CO)[C@@H](O)[C@H](N)[C@H]1O,0
CC1=C(C(=O)O)N2C(=O)[C@@H](NC(=O)[C@H](N)C3=CCC=CC3)[C@H]2SC1,0
C[C@](N)(Cc1ccc(O)c(O)c1)C(=O)O,1
Cc1cccc(C)c1NC(=O)C(C)N,1
CC(C)(Oc1ccc(CCNC(=O)c2ccc(Cl)cc2)cc1)C(=O)O,0
COc1ccc([C@@H]2Sc3ccccc3N(CCN(C)C)C(=O)[C@@H]2OC(C)=O)cc1,1
CC(=O)O[C@H]1C[C@@H]2CC[C@@H]3[C@H](CC[C@@]4(C)[C@H]3C[C@H]([N+]3(C)CCCCC3)[C@@H]4OC(C)=O)[C@@]2(C)C[C@@H]1N1CCCCC1,0
CC(C(=O)O)c1ccc2oc(-c3ccc(Cl)cc3)nc2c1,1
CC1(C)C(C=C(Cl)Cl)C1C(=O)OCc1cccc(Oc2ccccc2)c1,0
O=C(c1cc(O)c(O)c(O)c1)c1ccc(O)c(O)c1O,1
COc1cc(Br)c(C[N+]2(CCOCCC3CCC4CC3C4(C)C)CCOCC2)cc1OC,1
CC[C@]1(O)C[C@H]2CN(CCc3c([nH]c4ccccc34)[C@@](C(=O)OC)(c3cc4c(cc3OC)N(C)[C@H]3[C@@](O)(C(N)=O)[C@H](O)[C@]5(CC)C=CCN6CC[C@]43[C@@H]65)C2)C1,1
C#C[C@]1(O)CC[C@H]2[C@@H]3CCC4=CCCC[C@@H]4[C@H]3C(=C)C[C@@]21CC,1
CCC(=O)N(c1ccccc1)C1(COC)CCN(CCc2cccs2)CC1,0
CN(C)CC=C(c1ccc(Br)cc1)c1cccnc1,1
CO[C@@]1(NC(=O)CSCC#N)C(=O)N2C(C(=O)O)=C(CSc3nnnn3C)CS[C@@H]21,1
FC(F)OC(F)C(F)(F)F,1
CC(=O)[C@]1(O)Cc2c(O)c3c(c(O)c2[C@@H](O[C@H]2C[C@H](N)[C@H](O)[C@H](C)O2)C1)C(=O)c1ccccc1C3=O,0
CCN1CCN(C(=O)N[C@@H](C(=O)N[C@@H]2C(=O)N3[C@@H](C(=O)O)C(C)(C)S[C@H]23)c2ccccc2)C(=O)C1=O,0
CN(C)CCn1nnnc1SCC1=C(C(=O)O)N2C(=O)[C@@H](NC(=O)Cc3csc(N)n3)[C@H]2SC1,1
Fc1ccc([C@@H]2CCNC[C@H]2COc2ccc3c(c2)OCO3)cc1,1
C[C@H](CS)C(=O)N1CCC[C@H]1C(=O)O,1
CCN1CCN(C(=O)NC(C(=O)N[C@@H]2C(=O)N3C(C(=O)O)=C(CSc4nnnn4C)CS[C@H]23)c2ccc(O)cc2)C(=O)C1=O,1
CO[C@@]1(NC(=O)C(C(=O)O)c2ccc(O)cc2)C(=O)N2C(C(=O)O)=C(CSc3nnnn3C)CO[C@@H]21,0
O=C(NCCO[N+](=O)[O-])c1cccnc1,1
CCCN1C[C@H](CSC)C[C@@H]2c3cccc4[nH]cc(c34)C[C@H]21,0
CC1=C(C(=O)O)N2C(=O)[C@@H](NC(=O)[C@H](N)c3ccc(O)cc3)[C@H]2SC1,1
O=c1nc[nH]c2c1ncn2[C@H]1CC[C@@H](CO)O1,1
N[C@@H](C(=O)N[C@@H]1C(=O)N2C(C(=O)O)=C(Cl)CS[C@H]12)c1ccccc1,1
CCC(=O)N(c1ccccc1)C1(COC)CCN(CCn2nnn(CC)c2=O)CC1,0
CCCCN1C[C@H](O)[C@@H](O)[C@H](O)[C@H]1CO,0
CC[C@H](C)C(=O)O[C@H]1C[C@@H](C)C=C2C=C[C@H](C)[C@H](CC[C@@H]3C[C@@H](O)CC(=O)O3)[C@H]21,1
CCOC(=O)Nc1ccc(NCc2ccc(F)cc2)nc1N,1
COc1ccc2c(C(=S)N(C)CC(=O)O)cccc2c1C(F)(F)F,1
CCC(C)(C)C(=O)O[C@H]1C[C@@H](C)C=C2C=C[C@H](C)[C@H](CC[C@@H]3C[C@@H](O)CC(=O)O3)[C@H]21,1
C=CCN1C[C@H](C(=O)N(CCCN(C)C)C(=O)NCC)C[C@@H]2c3cccc4[nH]cc(c34)C[C@H]21,0
CNCC[C@@H](Oc1ccccc1C)c1ccccc1,1
CCOC(=O)[C@H](CCc1ccccc1)N[C@@H](C)C(=O)N1Cc2ccccc2C[C@H]1C(=O)O,1
CC#C[C@]1(O)CC[C@H]2[C@@H]3CCC4=CC(=O)CCC4=C3[C@@H](c3ccc(N(C)C)cc3)C[C@@]21C,0
CCC(C)n1ncn(-c2ccc(N3CCN(c4ccc(OC[C@H]5CO[C@](Cn6cncn6)(c6ccc(Cl)cc6Cl)O5)cc4)CC3)cc2)c1=O,1
CCC(=O)OC(OP(=O)(CCCCc1ccccc1)CC(=O)N1C[C@H](C2CCCCC2)C[C@H]1C(=O)O)C(C)C,1
O=C1NC(c2ccccc2)(c2ccccc2)C(=O)N1COP(=O)(O)O,1
COc1ccccc1OCC(O)CN1CCN(CC(=O)Nc2c(C)cccc2C)CC1,0
COC(=O)CCc1ccc(OCC(O)CNC(C)C)cc1,0
CC1CN(c2cc3c(cc2F)c(=O)c(C(=O)O)cn3-c2ccc(F)cc2F)CCN1,1
Nc1ncnc2c1ncn2CCOCP(=O)(O)O,1
C=C1C[C@@H]2[C@H](CC[C@]3(C)C(=O)CC[C@@H]23)[C@@]2(C)C=CC(=O)C=C12,1
C[C@H]1CN(c2c(F)c(N)c3c(=O)c(C(=O)O)cn(C4CC4)c3c2F)C[C@@H](C)N1,1
COC(=O)[C@H](c1ccccc1Cl)N1CCc2sccc2C1,1
Nc1ccn(C[C@@H](CO)OCP(=O)(O)O)c(=O)n1,0
Cc1ccsc1C(=CCCN1CCC[C@@H](C(=O)O)C1)c1sccc1C,0
COCC(=O)O[C@]1(CCN(C)CCCc2nc3ccccc3[nH]2)CCc2cc(F)ccc2[C@@H]1C(C)C,0
CC[C@@]1(O)C(=O)OCc2c1cc1n(c2=O)Cc2cc3c(CN(C)C)c(O)ccc3nc2-1,0
Nc1ccn([C@@H]2O[C@H](CO)[C@@H](O)C2(F)F)c(=O)n1,1
CCCCCCCN(CC)CCCC(O)c1ccc(NS(C)(=O)=O)cc1,0
CC(C)[C@H](N)C(=O)OCCOCn1cnc2c(=O)nc(N)[nH]c21,1
O=C1CCc2ccc(OCCCCN3CCN(c4cccc(Cl)c4Cl)CC3)cc2N1,0
CCC(=O)N(c1ccccc1)C1(C(=O)OC)CCN(CCC(=O)OC)CC1,1
CC(C)c1c(C(=O)Nc2ccccc2)c(-c2ccccc2)c(-c2ccc(F)cc2)n1CC[C@@H](O)C[C@@H](O)CC(=O)O,1
Nc1ccn([C@@H]2CS[C@H](CO)O2)c(=O)n1,1
CNCC[C@H](Oc1cccc2ccccc12)c1cccs1,1
CCc1c2c(nc3ccc(OC(=O)N4CCC(N5CCCCC5)CC4)cc13)-c1cc3c(c(=O)n1C2)COC(=O)[C@]3(O)CC,1
CCCCC(=O)N(Cc1ccc(-c2ccccc2-c2nn[nH]n2)cc1)[C@H](C(=O)O)C(C)C,1
CCCCCN(C)CCC(O)(P(=O)(O)O)P(=O)(O)O,0
O=C1Cc2cc(CCN3CCN(c4nsc5ccccc45)CC3)c(Cl)cc2N1,1
CC(=O)N[C@@H]1[C@@H](N=C(N)N)C=C(C(=O)O)O[C@H]1[C@H](O)[C@H](O)CO,0
CN(C)CCc1c[nH]c2ccc(C[C@H]3COC(=O)N3)cc12,0
Nc1nc(=O)n([C@@H]2CS[C@H](CO)O2)cc1F,0
CCCCCOC(=O)Nc1nc(=O)n([C@@H]2O[C@H](C)[C@@H](O)[C@H]2O)cc1F,0
Nc1ncnc2c1ncn2[C@@H]1O[C@H](CO)[C@@H](O)[C@H]1O,0
ClCC1CO1.NCCNCCNCCNCCN,0
CC(CN(C)C)CN1c2ccccc2Sc2ccc(C#N)cc21,1
NC1[C@@H]2CN(c3nc4c(cc3F)c(=O)c(C(=O)O)cn4-c3ccc(F)cc3F)C[C@H]12,1
O=C1Nc2ccc(Cl)cc2[C@@](C#CC2CC2)(C(F)(F)F)O1,1
Cc1c(O)cccc1C(=O)N[C@@H](CSc1ccccc1)[C@H](O)CN1C[C@H]2CCCC[C@H]2C[C@H]1C(=O)NC(C)(C)C,1
c1cc(CN2CCCNCCNCCCNCC2)ccc1CN1CCCNCCNCCCNCC1,0
CCOC(=O)C1=C[C@@H](OC(CC)CC)[C@H](NC(C)=O)[C@@H](N)C1,0
Clc1ccc(CSC(Cn2ccnc2)c2ccc(Cl)cc2Cl)cc1.O=[N+]([O-])O,0
Cc1cc(Br)c(O)c2ncccc12,1
CCN(CC)C(=O)[C@]1(c2ccccc2)C[C@@H]1CN,1
CO[C@@]1(NC(=O)CSC(F)F)C(=O)N2C(C(=O)O)=C(CSc3nnnn3CCO)CO[C@@H]21,1
COC(=O)C1=C(C)NC(C)=C(C(=O)OC(C)(C)CN(C)CCC(c2ccccc2)c2ccccc2)C1c1cccc([N+](=O)[O-])c1,1
C[C@H]1COc2c(C3(N)CC3)c(F)cc3c(=O)c(C(=O)O)cn1c23,1
CCOc1cc(CC(=O)N[C@@H](CC(C)C)c2ccccc2N2CCCCC2)ccc1C(=O)O,1
CCCc1nc2c(C)cc(-c3nc4ccccc4n3C)cc2n1Cc1ccc(-c2ccccc2C(=O)O)cc1,1
NCC[C@H](O)C(=O)N[C@@H]1C[C@H](N)[C@@H](O[C@H]2O[C@H](CN)CC[C@H]2N)[C@H](O)[C@H]1O[C@H]1O[C@H](CO)[C@@H](O)[C@H](N)[C@H]1O,1
C1COC(NC(C2CC2)C2CC2)=N1,1
O=P(O)(O)C(O)(Cn1ccnc1)P(=O)(O)O,1
CO[C@H]1O[C@@H]2O[C@@]3(C)CC[C@H]4[C@H](C)CC[C@@H]([C@H]1C)[C@]42OO3,0
CC(=O)NCCCS(=O)(=O)O,1
CC(C)Nc1ncccn1,1
OC(CNCC(O)C1CCc2cc(F)ccc2O1)C1CCc2cc(F)ccc2O1,0
CN(CCOc1ccc(NS(C)(=O)=O)cc1)CCc1ccc(NS(C)(=O)=O)cc1,0
Cl.Cl.NCCNCCNCCN,0
CC(COc1ccccc1)NN,1
C[C@@H](c1ncncc1F)[C@](O)(Cn1cncn1)c1ccc(F)cc1F,1
O=C(O)COC(=O)Cc1ccccc1Nc1c(Cl)cccc1Cl,1
COc1ccc2c(c1)N(C[C@H](C)CN(C)C)c1ccccc1S2,1
O=C1C(=O)c2ccccc2C(O)=C1C1CCC(c2ccc(Cl)cc2)CC1,0
CCN(C)C(=O)Oc1cccc([C@H](C)N(C)C)c1,1
CN[C@@H]1CCc2[nH]c3ccc(C(N)=O)cc3c2C1,0
CN1CCC[C@@H]1Cc1c[nH]c2ccc(CCS(=O)(=O)c3ccccc3)cc12,0
CN(CCOc1ccc(CC2SC(=O)NC2=O)cc1)c1ccccn1,1
C=C(c1ccc(C(=O)O)cc1)c1cc2c(cc1C)C(C)(C)CCC2(C)C,1
CC[C@H]1OC(=O)[C@H](C)[C@@H](O[C@H]2C[C@@](C)(OC)[C@@H](O)[C@H](C)O2)[C@H](C)[C@@H](O[C@@H]2O[C@H](C)C[C@H](N(C)C)[C@H]2O)[C@](C)(OC)C[C@@H](C)C(=O)[C@H](C)[C@@H](O)[C@]1(C)O,1
CCOC(=O)[C@H](CCc1ccccc1)N[C@@H](C)C(=O)N1Cc2cc(OC)c(OC)cc2C[C@H]1C(=O)O,0
O=C(CO)NCCCOc1cccc(CN2CCCCC2)c1,1
Cc1cccc(C)c1OCC(=O)N[C@@H](Cc1ccccc1)[C@@H](O)C[C@H](Cc1ccccc1)NC(=O)[C@H](C(C)C)N1CCCNC1=O,1
N[C@H](C(=O)O)[C@H](O)c1ccc(O)c(O)c1,1
Cc1nc(=O)c2cc(CN(C)c3ccc(C(=O)N[C@@H](CCC(=O)O)C(=O)O)s3)ccc2[nH]1,1
NC(=O)c1ncn([C@@H]2O[C@H](CO)[C@@H](O)[C@H]2O)c1O,1
CC(=O)SCC(Cc1ccccc1)C(=O)NCC(=O)OCc1ccccc1,1
CCC[C@H](N[C@@H](C)C(=O)N1[C@H](C(=O)O)C[C@@H]2CCCC[C@@H]21)C(=O)OCC,0
COc1cc2c(cc1O)CCN[C@]21CS[C@@H]2c3c(OC(C)=O)c(C)c4c(c3[C@H](COC1=O)N1[C@@H](O)[C@@H]3Cc5cc(C)c(OC)c(O)c5[C@H]([C@H]21)N3C)OCO4,1
CCCc1nc(C)c2c(=O)nc(-c3cc(S(=O)(=O)N4CCN(CC)CC4)ccc3OCC)[nH]n12,0
CC(C)(C)C(=O)OCOC(=O)[C@@H]1N2C(=O)[C@@H](N=CN3CCCCCC3)[C@H]2SC1(C)C,1
Cc1nc2n(c(=O)c1CCN1CCC(c3noc4cc(F)ccc34)CC1)CCCC2O,0
CCCN[C@H]1CCc2nc(N)sc2C1,0
CN(C)CCc1c[nH]c2ccc(CS(=O)(=O)N3CCCC3)cc12,0
Cc1ccc(-c2ncc(Cl)cc2-c2ccc(S(C)(=O)=O)cc2)cn1,1
C[C@]1(Cn2ccnn2)[C@H](C(=O)O)N2C(=O)C[C@H]2S1(=O)=O,0
COc1cc2ncnc(Nc3ccc(F)c(Cl)c3)c2cc1OCCCN1CCOCC1,1
Clc1ccc2c(c1)CCc1cccnc1C2=C1CCNCC1,1
N[C@@H](CCC(=O)N[C@@H](CS)C(=O)NCC(=O)O)C(=O)O,1
CN(C)CC(c1ccc(O)cc1)C1(O)CCCCC1,1
CN(Cc1cnc2nc(N)nc(N)c2n1)c1ccc(C(=O)N[C@@H](CCC(=O)O)C(=O)O)cc1,1
CCOc1ccccc1OCCN[C@H](C)Cc1ccc(OC)c(S(N)(=O)=O)c1,1
CC(C)(CO)[C@@H](O)C(=O)NCCCO,0
C[C@]12CC[C@H]3[C@@H](CC=C4C[C@@H](O)CC[C@@]43C)[C@@H]1CC=C2c1cccnc1,1
N[C@@H](CSCCCO)C(=O)O,1
CC(=O)O[C@@]12CO[C@@H]1C[C@H](O)[C@@]1(C)C(=O)[C@H](O)C3=C(C)[C@@H](OC(=O)[C@H](O)[C@@H](NC(=O)OC(C)(C)C)c4ccccc4)C[C@@](O)([C@@H](OC(=O)c4ccccc4)[C@@H]12)C3(C)C,1
COC(=O)N[C@H](C(=O)N[C@@H](Cc1ccccc1)[C@@H](O)CN(Cc1ccc(-c2ccccn2)cc1)NC(=O)[C@@H](NC(=O)OC)C(C)(C)C)C(C)(C)C,1
C[C@H]1COc2c(N3CCN(C)CC3)c(F)cc3c(=O)c(C(=O)O)cn1c23,1
C[C@@H](O)[C@H]1C(=O)N2C(C(=O)O)=C(S[C@@H]3CN[C@H](C(=O)Nc4cccc(C(=O)O)c4)C3)[C@H](C)[C@H]12,0
Cc1ccc(Nc2c(F)cccc2Cl)c(CC(=O)O)c1,1
Cc1nc2c([nH]1)CCN(C(=O)c1ccc(NC(=O)c3ccccc3-c3ccccc3)cc1)c1ccccc1-2,0
COc1c(N2C[C@@H]3CCCN[C@@H]3C2)c(F)cc2c(=O)c(C(=O)O)cn(C3CC3)c12,1
CN1[C@H]2CC[C@@H]1CC(OC(=O)[C@H](CO)c1ccccc1)C2,0
C[C@@H](NCCCc1cccc(C(F)(F)F)c1)c1cccc2ccccc12,0
CCCCC(F)(F)[C@@]1(O)CC[C@H]2[C@@H](CC(=O)[C@@H]2CCCCCCC(=O)O)O1,0
CCCc1nc(C(C)(C)O)c(C(=O)O)n1Cc1ccc(-c2ccccc2-c2nn[nH]n2)cc1,0
Cc1cn([C@@H]2C[C@@H](O)[C@H](CO)O2)c(=O)[nH]c1=O,0
C=CCN.C=CCNCCCCCCCCCC.C=CCNCCCCCC[N+](C)(C)C.Cl.ClCC1CO1.[Cl-],0
NC[C@@H]1O[C@H](O[C@@H]2[C@@H](CO)O[C@@H](O[C@@H]3[C@@H](O)[C@H](N)C[C@H](N)[C@H]3O[C@H]3O[C@H](CO)[C@@H](O)[C@H](O)[C@H]3N)[C@@H]2O)[C@H](N)[C@@H](O)[C@@H]1O,0
CN1[C@H]2CC[C@@H]1CC(OC(=O)C(CO)c1ccccc1)C2,0
C#Cc1cccc(Nc2ncnc3cc(OCCOC)c(OCCOC)cc23)c1,1
Cc1cc(C#N)cc(C)c1Oc1nc(Nc2ccc(C#N)cc2)nc(N)c1Br,1
CO[C@H]1C[C@H](O[C@@H]2[C@@H](C)C(=O)O[C@H](C)[C@H](C)[C@H](OC(C)=O)[C@@H](C)C(=O)[C@]3(CO3)C[C@H](C)[C@H](O[C@@H]3O[C@H](C)C[C@H](N(C)C)[C@H]3OC(C)=O)[C@H]2C)O[C@@H](C)[C@@H]1OC(C)=O,1
CCCCc1oc2ccc(NS(C)(=O)=O)cc2c1C(=O)c1ccc(OCCCN(CCCC)CCCC)cc1,1
CCC(=O)NCC[C@@H]1CCc2ccc3c(c21)CCO3,0
CS(=O)(=O)CCNCc1ccc(-c2ccc3ncnc(Nc4ccc(OCc5cccc(F)c5)c(Cl)c4)c3c2)o1,1
O=P(O)(O)OC(Cn1cncn1)(Cn1cncn1)c1ccc(F)cc1F,1
Cn1c(CNc2ccc(C(=N)N)cc2)nc2cc(C(=O)N(CCC(=O)O)c3ccccn3)ccc21,1
Nc1cccc2c1CN(C1CCC(=O)NC1=O)C2=O,1
CNC(=O)c1cnn(-c2nc(N)c3ncn([C@@H]4O[C@H](CO)[C@@H](O)[C@H]4O)c3n2)c1,0
C[C@]12CC[C@@H]3c4ccc(OC(=O)N(CCCl)CCCl)cc4CC[C@H]3[C@@H]1CC[C@@H]2O,1
CC(C)C[C@H](NC(=O)[C@H](Cc1ccccc1)NC(=O)c1cnccn1)B(O)O,1
CC(C)c1nc(CN(C)C(=O)N[C@H](C(=O)N[C@@H](Cc2ccccc2)C[C@H](O)[C@H](Cc2ccccc2)NC(=O)OCc2cncs2)C(C)C)cs1,1
N[C@H]1C(O)O[C@H](CO)[C@@H](O)[C@@H]1O,1
NC[C@H](O)c1ccc(O)c(O)c1,0
OC[C@H]1O[C@@H](n2cnc3c2NC=NC[C@H]3O)C[C@@H]1O,1
OC[C@H]1OC(O)[C@H](O)[C@@H](O)[C@@H]1O[C@@H]1O[C@H](CO)[C@H](O)[C@H](O)[C@H]1O,0
C=C[C@H]1CN2CC[C@H]1C[C@@H]2[C@@H](O)c1ccnc2ccc(OC)cc12,1
C[C@@H](O)[C@H]1C(=O)N2C(C(=O)O)=C(S[C@@H]3CN[C@H](C(=O)N(C)C)C3)[C@H](C)[C@H]12,1
CO[C@@]1(NC(=O)Cc2cccs2)C(=O)N2C(C(=O)O)=C(COC(N)=O)CS[C@@H]21,0
CC(C)(C)NC(=O)[C@@H]1C[C@@H]2CCCC[C@@H]2CN1C[C@@H](O)[C@H](Cc1ccccc1)NC(=O)[C@H](CC(N)=O)NC(=O)c1ccc2ccccc2n1,1
CC(C)=CCN1CC[C@@]2(C)c3cc(O)ccc3C[C@@H]1[C@@H]2C,0
CC(=O)O[C@H]1C[C@@H]2CC[C@@H]3[C@H](CC[C@@]4(C)[C@H]3C[C@H]([N+]3(C)CCCCC3)[C@@H]4OC(C)=O)[C@@]2(C)C[C@@H]1[N+]1(C)CCCCC1,0
C=CC[N+]1([C@H]2C[C@H]3[C@@H]4CC[C@H]5C[C@H](O)[C@@H](N6CCOCC6)C[C@]5(C)[C@H]4CC[C@]3(C)[C@H]2OC(C)=O)CCCC1,0
Nc1nc(NC2CC2)c2ncn([C@H]3C=C[C@@H](CO)C3)c2n1,1
CCN[C@@H]1C[C@H](N)[C@@H](O[C@H]2OC(CN)=CC[C@H]2N)[C@H](O)[C@H]1O[C@H]1OC[C@](C)(O)[C@H](NC)[C@H]1O,1
C[C@@H]1C[C@H]2[C@@H]3CCC4=CC(=O)C=C[C@]4(C)[C@@]3(Cl)[C@@H](O)C[C@]2(C)[C@@]1(O)C(=O)CCl,0
CCOC(=O)OC(C)OC(=O)[C@@H]1N2C(=O)[C@@H](NC(=O)[C@H](N)c3ccccc3)[C@H]2SC1(C)C,1
CCOC(=O)[C@H](CCc1ccccc1)N[C@H]1CS[C@H](c2cccs2)CN(CC(=O)O)C1=O,1
Cc1ccc(O)c([C@H](CCN(C(C)C)C(C)C)c2ccccc2)c1,0
C[C@@H](CO)NC(=O)[C@@H]1C=C2c3cccc4[nH]cc(c34)C[C@H]2N(C)C1,0
Cc1ccccc1C(=O)Nc1ccc(C(=O)N2CCC[C@@H](O)c3cc(Cl)ccc32)c(C)c1,1
C#C[C@]1(O)CC[C@H]2[C@H]3[C@H](CC[C@@]21C)C1=C(CC(=O)CC1)C[C@H]3C,1
OCC(CO)N[C@H]1C[C@](O)(CO)[C@@H](O)[C@H](O)[C@H]1O,1
NC(=O)C(c1ccccc1)(c1ccccc1)[C@@H]1CCN(CCc2ccc3c(c2)CCO3)C1,0
CC1=C(/C=C/C(C)=C/C=C/C(C)=C/CO)C(C)(C)CCC1,1
C=CC[C@@H]1/C=C(\C)C[C@H](C)C[C@H](OC)[C@H]2O[C@@](O)(C(=O)C(=O)N3CCCC[C@H]3C(=O)O[C@H](/C(C)=C/[C@@H]3CC[C@@H](O)[C@H](OC)C3)[C@H](C)[C@@H](O)CC1=O)[C@H](C)C[C@@H]2OC,1
COCc1c(C(C)C)nc(C(C)C)c(/C=C/[C@@H](O)C[C@@H](O)CC(=O)O)c1-c1ccc(F)cc1,1
CC(C)c1nc(N(C)S(C)(=O)=O)nc(-c2ccc(F)cc2)c1/C=C/[C@@H](O)C[C@@H](O)CC(=O)O,1
COC(=O)[C@H]1[C@@H](OC(=O)c2ccccc2)C[C@@H]2CC[C@H]1N2C,1
CCC[C@@H]1C[C@@H](C(=O)N[C@H]([C@H](C)Cl)[C@H]2O[C@H](SC)[C@H](O)[C@@H](O)[C@H]2O)N(C)C1,1
C[C@@H]1O[C@@H]1P(=O)(O)O,1
Nc1ncn([C@H]2C[C@H](O)[C@@H](CO)O2)c(=O)n1,0
COc1cc([C@@H]2c3cc4c(cc3[C@@H](O[C@@H]3O[C@@H]5CO[C@@H](c6cccs6)O[C@H]5[C@H](O)[C@H]3O)[C@H]3COC(=O)[C@H]23)OCO4)cc(OC)c1O,1
N[C@@H](Cc1ccc(N(CCCl)CCCl)cc1)C(=O)O,1
C[C@H](Cn1cnc2c(N)ncnc21)OCP(=O)(O)O,1
CC[C@@H]([C@H](C)O)n1ncn(-c2ccc(N3CCN(c4ccc(OC[C@@H]5CO[C@@](Cn6cncn6)(c6ccc(F)cc6F)C5)cc4)CC3)cc2)c1=O,0
Cc1cc2nc3c(=O)[nH]c(=O)nc-3n(C[C@H](O)[C@H](O)[C@H](O)CO)c2cc1C,0
NC(=O)[C@@H]1CCCN1C(=O)[C@H](Cc1cnc[nH]1)NC(=O)[C@@H]1CCC(=O)N1,0
COC(=O)C1=C(C)NC(C)=C(C(=O)O[C@@H]2CCCN(Cc3ccccc3)C2)[C@@H]1c1cccc([N+](=O)[O-])c1,1
Nc1nc(F)nc2c1ncn2[C@@H]1O[C@H](CO)[C@@H](O)[C@@H]1O,0
CCCc1cc(=O)[nH]c(=S)[nH]1,1
CC(C)[N+]1(C)[C@H]2CC[C@@H]1CC(OC(=O)C(CO)c1ccccc1)C2.[Br-],0
CCOC(=O)c1cncn1[C@H](C)c1ccccc1,0
S=c1nc[nH]c2nc[nH]c12,1
CN1CCCN=C1/C=C/c1cccs1,0
CN1[C@H]2CC[C@@H]1CC(OC(c1ccccc1)c1ccccc1)C2,0
Cn1cc[nH]c1=S,1
CC1=C(CC(=O)O)c2cc(F)ccc2/C1=C\c1ccc(S(C)=O)cc1,1
COc1cc(CNC(=O)CCCC/C=C/C(C)C)ccc1O,0
CC(C)n1c(/C=C/[C@H](O)C[C@H](O)CC(=O)O)c(-c2ccc(F)cc2)c2ccccc21,1
CN(C/C=C/C#CC(C)(C)C)Cc1cccc2ccccc12,1
Nc1nc(=S)c2[nH]cnc2[nH]1,1
CC/C(=C(\c1ccccc1)c1ccc(OCCN(C)C)cc1)c1ccccc1,1
CCc1cc(C(N)=S)ccn1,1
CC(=O)O[C@H]1C[C@@]2(C)[C@@H](C[C@@H](O)[C@H]3[C@@]4(C)CC[C@@H](O)[C@@H](C)[C@@H]4CC[C@@]32C)/C1=C(\CCC=C(C)C)C(=O)O,1
CN1[C@H]2CC(OC(=O)[C@H](CO)c3ccccc3)C[C@@H]1[C@H]1O[C@@H]21,0
CCCC(C)C1(CC)C(=O)NC(=S)NC1=O,0
CN/C(=C\[N+](=O)[O-])NCCSCc1ccc(CN(C)C)o1,1
CC[C@H]1OC(=O)[C@H](C)C(=O)[C@H](C)[C@@H](O[C@@H]2O[C@H](C)C[C@H](N(C)C)[C@H]2O)[C@](C)(OC)C[C@@H](C)C(=O)[C@H](C)[C@H]2N(CCCCn3cnc(-c4cccnc4)c3)C(=O)O[C@]12C,1
Cc1nnc(C(C)C)n1C1C[C@@H]2CC[C@H](C1)N2CC[C@H](NC(=O)C1CCC(F)(F)CC1)c1ccccc1,1
CCC[C@H](NC(=O)[C@@H]1[C@H]2CCC[C@H]2CN1C(=O)[C@@H](NC(=O)[C@@H](NC(=O)c1cnccn1)C1CCCCC1)C(C)(C)C)C(=O)C(=O)NC1CC1,1
COc1nc(N)nc2c1ncn2[C@@H]1O[C@H](CO)[C@@H](O)[C@@H]1O,1
O=C(OC1C[C@@H]2CC3C[C@H](C1)N2CC3=O)c1c[nH]c2ccccc12,0
C=C[C@H]1CN2CC[C@H]1C[C@H]2[C@H](O)c1ccnc2ccc(OC)cc12,1
CN[C@@H]1[C@@H](O)[C@@H](O[C@@H]2[C@@H](O)[C@H](O[C@H]3O[C@H](CN)[C@@H](O)[C@H](O)[C@H]3O)[C@@H](N)C[C@H]2NC(=O)[C@@H](O)CN)OC[C@]1(C)O,1
CC(C)c1cccc(C(C)C)c1OCOP(=O)(O)O,1
C#CCN[C@@H]1CCc2ccccc21,0
Cc1nc(Nc2ncc(C(=O)Nc3c(C)cccc3Cl)s2)cc(N2CCN(CCO)CC2)n1,1
C=CCN.ClCC1CO1,0
C[C@H](N)C(=O)N[C@@H](C)C(=O)NC1[C@@H]2CN(c3nc4c(cc3F)c(=O)c(C(=O)O)cn4-c3ccc(F)cc3F)C[C@H]12,1
N[C@@H](CC(=O)N1CCn2c(nnc2C(F)(F)F)C1)Cc1cc(F)c(F)cc1F,1
C=C1/C(=C\C=C2/CCC[C@@]3(C)[C@H]2CC[C@@H]3[C@H](C)CCCC(C)(C)O)C[C@@H](O)C[C@@H]1O,0
C[C@@H]1OC(=O)C[C@H](O)C[C@H](O)CC[C@@H](O)[C@H](O)C[C@H](O)C[C@]2(O)C[C@H](O)[C@@H](C(=O)O)[C@H](C[C@@H](O[C@@H]3O[C@H](C)[C@@H](O)[C@H](N)[C@@H]3O)/C=C/C=C/C=C/C=C/C=C/C=C/C=C/[C@H](C)[C@@H](O)[C@H]1C)O2,1
C[C@]12C/C(=C/O)C(=O)C[C@@H]1CC[C@@H]1[C@@H]2CC[C@@]2(C)[C@H]1CC[C@]2(C)O,1
CCCCc1ncc(/C=C(\Cc2cccs2)C(=O)O)n1Cc1ccc(C(=O)O)cc1,0
CC(C)(O)c1ccccc1CC[C@@H](SCC1(CC(=O)O)CC1)c1cccc(/C=C/c2ccc3ccc(Cl)cc3n2)c1,1
CN(C)CC/C=C1/c2ccccc2COc2ccc(CC(=O)O)cc21,1
COc1c(C)c2c(c(O)c1C/C=C(\C)CCC(=O)OCCN1CCOCC1)C(=O)OC2,1
CCN(CC)C(=O)/C(C#N)=C/c1cc(O)c(O)c([N+](=O)[O-])c1,1
OCCN1CCN(CC/C=C2/c3ccccc3Sc3ccc(C(F)(F)F)cc32)CC1,1
O=C(CS(=O)Cc1ccco1)NC/C=C\COc1cc(CN2CCCCC2)ccn1,1
COCCOC(=O)C1=C(C)NC(C)=C(C(=O)OC/C=C/c2ccccc2)C1c1cccc([N+](=O)[O-])c1,1
C=C1/C(=C\C=C2/CCC[C@@]3(C)[C@H]2CC[C@@H]3[C@H](C)CCCC(C)C)C[C@@H](O)C[C@@H]1O,1
Nc1nc(/C(=C/CC(=O)O)C(=O)N[C@@H]2C(=O)N3C(C(=O)O)=CCS[C@H]23)cs1,0
CC1=C(/C=C/C(C)=C/C=C/C(C)=C\C(=O)O)C(C)(C)CCC1,1
O=C(O)/C=C/c1ccc(Cn2ccnc2)cc1,1
Cc1ccc(/C(=C\CN2CCCC2)c2ccccn2)cc1,0
CS(=O)(=O)O.C[C@H](N)C(=O)N[C@@H](C)C(=O)NC1[C@@H]2CN(c3nc4c(cc3F)c(=O)c(C(=O)O)cn4-c3ccc(F)cc3F)C[C@H]12,1
COc1ccc2c3c1O[C@H]1[C@@H](O)C=C[C@H]4[C@@H](C2)N(C)CC[C@]314,0
COc1cc(C)c(/C=C/C(C)=C/C=C/C(C)=C/C(=O)O)c(C)c1C,1
Cc1ccc(/C(=C\CN2CCCC2)c2cccc(/C=C/C(=O)O)n2)cc1,0
CC(=O)[C@@]1(O)CC[C@H]2[C@@H]3C=C(Cl)C4=CC(=O)[C@@H]5C[C@@H]5[C@]4(C)[C@H]3CC[C@@]21C,1
COc1ccc2c3c1O[C@H]1[C@@H](O)CC[C@H]4[C@@H](C2)N(C)CC[C@]314,1
CN1[C@H]2CCC[C@@H]1CC(NC(=O)c1nn(C)c3ccccc13)C2,0
CN1CC[C@]23c4c5ccc(O)c4O[C@H]2C(=O)CC[C@H]3[C@H]1C5,0
CCCCCCC(C)(C)c1cc(O)c2c(c1)OC(C)(C)[C@@H]1CCC(=O)C[C@@H]21,0
C=CCN1CC[C@]23c4c5ccc(O)c4O[C@H]2C(=O)CC[C@@]3(O)[C@H]1C5,0
COc1ccc2c3c1O[C@H]1C(=O)CC[C@@]4(O)[C@@H](C2)N(C)CC[C@]314,0
CN1CC[C@]23c4c5ccc(O)c4O[C@H]2C(=O)CC[C@@]3(O)[C@H]1C5,0
CC1=C(C/C=C(\C)CCC[C@H](C)CCC[C@H](C)CCCC(C)C)C(=O)c2ccccc2C1=O,0
O=C(OC1C[C@@H]2CC[C@H](C1)[N+]21CCCC1)C(O)(c1ccccc1)c1ccccc1,0
CN1CC[C@]23c4c5ccc(O)c4O[C@H]2[C@@H](O)C=C[C@H]3[C@H]1C5,0
c1cnc2cc3c(cc2n1)[C@H]1CNC[C@@H]3C1,1
C[C@@H](Cc1ccccc1)N(C)Cc1ccccc1,0
C[C@H]1C[C@H]2[C@@H]3CCC4=CC(=O)C=C[C@]4(C)[C@@]3(F)[C@@H](O)C[C@]2(C)[C@@]1(O)C(=O)CCl,1
CC#CCC(C)[C@H](O)/C=C/[C@@H]1[C@H]2C/C(=C/CCCC(=O)O)C[C@H]2C[C@H]1O,1
CC(C)C1CCC(C(=O)N[C@H](Cc2ccccc2)C(=O)O)CC1,0
C[C@H](Cc1cc2c(c(C(N)=O)c1)N(CCCO)CC2)NCCOc1ccccc1OCC(F)(F)F,0
CCN(CC)CCNC(=O)c1c(C)[nH]c(/C=C2\C(=O)Nc3ccc(F)cc32)c1C,1
CN(C)N/N=C1\N=CN=C1C(N)=O,1
O=C1CC[C@@]2(O)[C@H]3Cc4ccc(O)c5c4[C@@]2(CCN3CC2CC2)[C@H]1O5,0
COc1ccc2c(c1)[C@]13CCCC[C@@H]1[C@H](C2)N(C)CC3,0
C[N+]1(CC2CC2)CC[C@]23c4c5ccc(O)c4O[C@H]2C(=O)CC[C@@]3(O)[C@H]1C5.[Br-],0
C=CC1=C(C(=O)O)N2C(=O)[C@@H](NC(=O)/C(=N\OCC(=O)O)c3csc(N)n3)[C@H]2SC1,0
NCCCC[C@H](N[C@@H](CCc1ccccc1)C(=O)O)C(=O)N1CCC[C@H]1C(=O)O,1
CCOC(=O)[C@H](CCc1ccccc1)N[C@H]1CCc2ccccc2N(CC(=O)O)C1=O,1
CCOC(=O)[C@H](CCc1ccccc1)N[C@@H](C)C(=O)N1[C@H](C(=O)O)C[C@@H]2CCC[C@@H]21,1
CCCCCN=C(N)NN/C=C1\C=Nc2ccc(OC)cc21,0
CC(C)(C)NC(=O)[C@@H]1CN(Cc2cccnc2)CCN1C[C@@H](O)C[C@@H](Cc1ccccc1)C(=O)N[C@H]1c2ccccc2C[C@H]1O,0
CO[C@H]1/C=C/O[C@@]2(C)Oc3c(C)c(O)c4c(c3C2=O)C(=O)/C(=C/NN2CCN(C)CC2)C(=C4O)NC(=O)/C(C)=C\C=C\[C@H](C)[C@H](O)[C@@H](C)[C@@H](O)[C@@H](C)[C@H](OC(C)=O)[C@@H]1C,1
CCOC(=O)[C@H](CCc1ccccc1)N[C@@H](C)C(=O)N1CCC[C@H]1C(=O)O,1
CO/N=C(\C(=O)N[C@@H]1C(=O)N2C(C(=O)O)=C(COC(N)=O)CS[C@H]12)c1ccco1,1
CO/N=C(\C(=O)N[C@@H]1C(=O)N2C(C(=O)O)=C(CSc3nc(=O)c(=O)[nH]n3C)CS[C@H]12)c1csc(N)n1,1
CO/N=C(\C(=O)N[C@@H]1C(=O)N2C(C(=O)[O-])=C(C[N+]3(C)CCCC3)CS[C@H]12)c1csc(N)n1,1
CC(C)(O/N=C(\C(=O)N[C@@H]1C(=O)N2C(C(=O)[O-])=C(C[n+]3ccccc3)CS[C@H]12)c1csc(N)n1)C(=O)O,1
CC(C)C[C@H](CN)CC(=O)O,1
C[N+]1(C)[C@H]2CC(OC(=O)C(O)(c3cccs3)c3cccs3)C[C@@H]1[C@H]1O[C@@H]21,0
O=C1C=CC=C/C1=C1\N/C(=C2/C=CC=CC2=O)N(c2ccc(C(=O)O)cc2)N1,1
COCCCOc1cc(C[C@@H](C[C@H](N)[C@@H](O)C[C@H](C(=O)NCC(C)(C)C(N)=O)C(C)C)C(C)C)ccc1OC,1
CO/N=C(\C(=O)N[C@@H]1C(=O)N2C(C(=O)O)=C(COC(C)=O)CS[C@H]12)c1csc(N)n1,1
O=C(O)C1=C/C(=N\Nc2ccc(O)c(C(=O)O)c2)C=CC1=O,1
CO[C@H]1/C=C/O[C@@]2(C)Oc3c(C)c(O)c4c(c3C2=O)C(=O)/C(=C/NN2CCN(C3CCCC3)CC2)C(=C4O)NC(=O)/C(C)=C\C=C\[C@H](C)[C@H](O)[C@@H](C)[C@@H](O)[C@@H](C)[C@H](OC(C)=O)[C@@H]1C,0
COCC1=C(C(=O)O)N2C(=O)[C@@H](NC(=O)/C(=N\OC)c3csc(N)n3)[C@H]2SC1,0
O=C1c2cccc3c2[C@H](CCC3)CN1[C@@H]1CN2CCC1CC2,0
CC1(C)C[C@@H]1C(=O)N/C(=C\CCCCSC[C@H](N)C(=O)O)C(=O)O,0
CO[C@H]1/C=C/O[C@@]2(C)Oc3c(C)c(O)c4c(O)c(c5c(nc6cc(C)ccn65)c4c3C2=O)NC(=O)/C(C)=C\C=C\[C@H](C)[C@H](O)[C@@H](C)[C@@H](O)[C@@H](C)[C@H](OC(C)=O)[C@@H]1C,0
CO[C@H]1C[C@@H]2CC[C@@H](C)[C@@](O)(O2)C(=O)C(=O)N2CCCC[C@H]2C(=O)O[C@H]([C@H](C)C[C@@H]2CC[C@@H](OCCO)[C@H](OC)C2)CC(=O)[C@H](C)/C=C(\C)[C@@H](O)[C@@H](OC)C(=O)[C@H](C)C[C@H](C)/C=C/C=C/C=C/1C,0
CNC(=O)c1ccccc1Sc1ccc2c(/C=C/c3ccccn3)n[nH]c2c1,1
Cc1cc(/C=C/C#N)cc(C)c1Nc1ccnc(Nc2ccc(C#N)cc2)n1,1
CC[C@@H]1/C=C(\C)C[C@H](C)C[C@H](OC)[C@H]2O[C@@](O)(C(=O)C(=O)N3CCCC[C@H]3C(=O)O[C@H](/C(C)=C/[C@@H]3CC[C@H](Cl)[C@H](OC)C3)[C@H](C)[C@@H](O)CC1=O)[C@H](C)C[C@@H]2OC,1
CO/N=C(\C(=O)N[C@@H]1C(=O)N2C(C(=O)O)=CCS[C@H]12)c1csc(N)n1,0
CCC(CO)NC(=O)[C@@H]1C=C2c3cccc4c3c(cn4C)C[C@H]2N(C)C1,0
O=C1CN(/N=C/c2ccc([N+](=O)[O-])o2)C(=O)N1,1
CC[C@H]1OC(=O)[C@H](C)[C@@H](O[C@H]2C[C@@](C)(OC)[C@@H](O)[C@H](C)O2)[C@H](C)[C@@H](O[C@@H]2O[C@H](C)C[C@H](N(C)C)[C@H]2O)[C@](C)(O)C[C@@H](C)/C(=N\OCOCCOC)[C@H](C)[C@@H](O)[C@]1(C)O,1
C=CC1=C(C(=O)O)N2C(=O)[C@@H](NC(=O)/C(=N\O)c3csc(N)n3)[C@H]2SC1,1
Oc1ccc2c(c1)[C@]13CCCC[C@@]1(O)[C@H](C2)N(CC1CCC1)CC3,0
COc1cc(N)c(Cl)cc1C(=O)N[C@@H]1CCN(CCCOc2ccc(F)cc2)C[C@@H]1OC,0
C[C@@H]1CC[C@H]2[C@@H](C)[C@H](OC(=O)CCC(=O)O)O[C@@H]3O[C@@]4(C)CC[C@@H]1[C@@]23OO4,1
C[C@]12CC[C@H]3[C@@H](CC[C@H]4NC(=O)C=C[C@]34C)[C@@H]1CC[C@@H]2C(=O)Nc1cc(C(F)(F)F)ccc1C(F)(F)F,0
COC(c1ccccc1)(c1ccccc1)[C@H](Oc1nc(C)cc(C)n1)C(=O)O,0
CC(C)C(=O)Oc1ccc(CO)cc1[C@H](CCN(C(C)C)C(C)C)c1ccccc1,0
C/C(=N\O)[C@@H](C)NCC(C)(C)CN[C@H](C)/C(C)=N/O,0
C[C@H]1[C@H](NC(=O)/C(=N\OC(C)(C)C(=O)O)c2csc([NH3+])n2)C(=O)N1S(=O)(=O)[O-],0
CO/N=C1\CN(c2nc3c(cc2F)c(=O)c(C(=O)O)cn3C2CC2)CC1CN,1
CCOC(=O)CN[C@@H](C(=O)N1CC[C@H]1C(=O)NCc1ccc(/C(N)=N/O)cc1)C1CCCCC1,1
C[C@H]1O[C@H](O[C@@H]2[C@@H](CO)O[C@H](O[C@H]([C@H](O)CO)[C@H](O)[C@@H](O)C=O)[C@H](O)[C@H]2O)[C@H](O)[C@@H](O)[C@@H]1N[C@H]1C=C(CO)[C@@H](O)[C@H](O)[C@H]1O,1
CC[C@@H](c1cccc(O)c1)[C@@H](C)CN(C)C,0
Cc1ccc(-n2[nH]c(C)c(N/N=C3\C=CC=C(c4cccc(C(=O)O)c4)C3=O)c2=O)cc1C,1
CSCC[C@H](NC(=O)[C@H](Cc1c[nH]c2ccccc12)NC(=O)CCNC(=O)OC(C)(C)C)C(=O)N[C@@H](CC(=O)O)C(=O)N[C@@H](Cc1ccccc1)C(N)=O,0
CO[C@H]1C[C@H]2OC[C@@]2(OC(C)=O)[C@H]2[C@H](OC(=O)c3ccccc3)[C@]3(O)C[C@H](OC(=O)[C@H](O)[C@@H](NC(=O)OC(C)(C)C)c4ccccc4)C(C)=C([C@@H](OC)C(=O)[C@]12C)C3(C)C,1
CO/N=C(\C(=O)N[C@@H]1C(=O)N2C(C(=O)O)=C(/C=C\c3scnc3C)CS[C@H]12)c1csc(N)n1,0
COc1c(O[C@@H]2O[C@H](CO)[C@@H](O)[C@H](O)[C@H]2O)cc2c(c1OC)-c1ccc(SC)c(=O)cc1[C@@H](NC(C)=O)CC2,1
Cc1ccc(Nc2nccc(N(C)c3ccc4c(C)n(C)nc4c3)n2)cc1S(N)(=O)=O,1
CC(=O)Oc1cc2c(s1)CCN(C(C(=O)C1CC1)c1ccccc1F)C2.Cl,1
CC(C)(C)NC(=O)N[C@H](C(=O)N1C[C@H]2[C@@H]([C@H]1C(=O)NC(CC1CCC1)C(=O)C(N)=O)C2(C)C)C(C)(C)C,1
N#C[C@@H]1C[C@@H]2C[C@@H]2N1C(=O)[C@@H](N)C12CC3CC(CC(O)(C3)C1)C2,0
C[C@@H](Oc1cc(-c2cnn(C3CCNCC3)c2)cnc1N)c1c(Cl)ccc(F)c1Cl,1
C[C@H](COc1ccccc1)N[C@H](C)[C@@H](O)c1ccc(O)cc1,0
CC1/C=C/C=C/CC/C=C/C=C/C=C/C=C/C(OC2O[C@H](C)[C@@H](O)[C@H](N)[C@@H]2O)CC(O)C(C(=O)O)C(O)CC(=O)CC(O)C(O)CCC(O)CC(O)CC(O)CC(=O)OC(C)C(C)C1O,0
O.O=C1O[Bi]Oc2ccccc21,0
C[N+]1(C)[C@H]2CC(OC(=O)[C@H](CO)c3ccccc3)C[C@H]1C1OC12.[Br-],0
CS(=O)(=O)c1ccc(C(=O)Nc2ccc(Cl)c(-c3ccccn3)c2)c(Cl)c1,1
COC1C(CO)OC(OCC2OC(OC3C(CO)OC(C)C(O)C3O)C(O)C(O)C2OC2OC(CO)C(OC)C(O)C2OCCO)C(O)C1O,0
CCC1=C[C@@H]2CN(C1)Cc1c([nH]c3ccccc13)[C@@](C(=O)OC)(c1cc3c(cc1OC)N(C)[C@H]1[C@](O)(C(=O)OC)[C@H](OC(C)=O)[C@]4(CC)C=CCN5CC[C@]31[C@@H]54)C2,0
O=C1O[C@H]([C@@H](O)CO)C(O)=C1O,0
Cc1nnc(C(=O)NC(C)(C)c2nc(C(=O)NCc3ccc(F)cc3)c(O)c(=O)n2C)o1,1
C[C@H]1c2cccc(O)c2C(O)=C2C(=O)[C@]3(O)C(O)=C(C(N)=O)C(=O)[C@@H](N(C)C)[C@@H]3[C@@H](O)[C@@H]21,1
CO[C@@H]1[C@@H](OC(N)=O)[C@@H](O)[C@H](Oc2ccc3c(O)c(NC(=O)c4ccc(O)c(CC=C(C)C)c4)c(=O)oc3c2C)OC1(C)C,1
CN(C)[C@@H]1C(=O)C(C(N)=O)=C(O)[C@@]2(O)C(=O)C3=C(O)c4c(O)cccc4[C@@](C)(O)[C@H]3C[C@@H]12,1
CN(C)[C@@H]1C(=O)C(C(N)=O)=C(O)[C@@]2(O)C(=O)C3=C(O)c4c(O)cccc4[C@@](C)(O)[C@H]3[C@H](O)[C@@H]12,0
C=C1c2cccc(O)c2C(O)=C2C(=O)[C@]3(O)C(O)=C(C(N)=O)C(=O)[C@@H](N(C)C)[C@@H]3[C@@H](O)[C@H]12,1
O=c1oc2ccccc2c(O)c1Cc1c(O)c2ccccc2oc1=O,1
CN1C(C(=O)Nc2ccccn2)=C(O)c2ccccc2S1(=O)=O,1
Cc1cnc(NC(=O)C2=C(O)c3ccccc3S(=O)(=O)N2C)s1,1
CN1C(C(=O)Nc2ccccn2)=C(O)c2sccc2S1(=O)=O,1
Cc1cc(NC(=O)C2=C(O)c3ccccc3S(=O)(=O)N2C)no1,0
CC(=O)CC(c1ccccc1)c1c(O)c2ccccc2oc1=O,1
CN(C)[C@@H]1C(=O)C(C(N)=O)=C(O)[C@@]2(O)C(=O)C3=C(O)c4c(O)ccc(Cl)c4[C@@H](O)[C@H]3C[C@@H]12,0
CCC(c1ccccc1)c1c(O)c2ccccc2oc1=O,1
CCC[C@@]1(CCc2ccccc2)CC(O)=C([C@H](CC)c2cccc(NS(=O)(=O)c3ccc(C(F)(F)F)cn3)c2)C(=O)O1,1
CN(C)c1cc(NC(=O)CNC(C)(C)C)c(O)c2c1C[C@H]1C[C@H]3[C@H](N(C)C)C(=O)C(C(N)=O)=C(O)[C@@]3(O)C(=O)C1=C2O,0
CN1C(C(=O)Nc2ccccn2)=C(O)c2sc(Cl)cc2S1(=O)=O,1
CN(C)[C@@H]1C(O)=C(C(N)=O)C(=O)[C@@]2(O)C(=O)C3=C(O)c4c(O)ccc(Cl)c4[C@@](C)(O)[C@H]3C[C@@H]12,0
CCc1ccc(C(C)CCc2ccc([N+](C)(C)C)cc2)cc1,0
Cc1ccc(-n2[nH]c(C)c(N=Nc3cccc(-c4cccc(C(=O)O)c4)c3O)c2=O)cc1C.NCCO.NCCO,1
